"time","ARIMA","UCM","ML"
"2020-01-01 00:00:01",2.09743877427453,2.20365460862574,5.91785192489624
"2020-01-01 01:00:01",1.76762135125569,1.04105341830674,3.52804970741272
"2020-01-01 02:00:01",1.21669193911284,0.68462501602211,1.86177623271942
"2020-01-01 03:00:01",1.32072948126589,0.760778199744594,1.48118150234222
"2020-01-01 04:00:01",2.40877600820669,1.51454160236313,2.48902106285095
"2020-01-01 05:00:01",5.94539179696148,4.44070644273033,4.9954891204834
"2020-01-01 06:00:01",15.4651401438525,10.911973670791,7.28132820129395
"2020-01-01 07:00:01",33.6368945809857,24.544599496492,17.1824321746826
"2020-01-01 08:00:01",53.4850787830066,38.5268176532316,37.1523551940918
"2020-01-01 09:00:01",65.8033335210253,45.5943978768322,38.2975273132324
"2020-01-01 10:00:01",73.7214706329826,49.9747268790883,40.0104904174805
"2020-01-01 11:00:01",82.5718593282514,55.1034941474836,42.6782112121582
"2020-01-01 12:00:01",90.0671976431073,60.7109702106724,51.6576652526855
"2020-01-01 13:00:01",91.8231518836005,59.2332360601355,52.8635025024414
"2020-01-01 14:00:01",90.0649268072035,59.1722749618278,50.9468040466309
"2020-01-01 15:00:01",89.1286936192192,55.8741100313114,48.642276763916
"2020-01-01 16:00:01",86.716514481549,58.2843071925841,45.8793182373047
"2020-01-01 17:00:01",76.4044737778136,49.8841913429548,40.5687370300293
"2020-01-01 18:00:01",58.9367649558454,38.5040150142072,27.4180660247803
"2020-01-01 19:00:01",41.9647091688614,27.8504708430409,21.0841331481934
"2020-01-01 20:00:01",29.2040004938183,20.212996980681,13.6629695892334
"2020-01-01 21:00:01",19.460480230739,13.6618076585362,6.25715589523315
"2020-01-01 22:00:01",11.6556026875236,7.91924129985328,4.87746334075928
"2020-01-01 23:00:01",6.21359942711352,4.36419102057336,2.85855889320374
"2020-01-02 00:00:01",3.16301303897675,2.09448556593353,2.4423520565033
"2020-01-02 01:00:01",1.71348815575381,0.971501648537216,2.10546803474426
"2020-01-02 02:00:01",1.15666396475976,0.627219046040413,1.94228315353394
"2020-01-02 03:00:01",1.24116072992988,0.700777202776351,2.05980277061462
"2020-01-02 04:00:01",2.27033087998082,1.42885505587943,2.97797417640686
"2020-01-02 05:00:01",5.62904056951828,4.25530670821367,6.67850971221924
"2020-01-02 06:00:01",14.6639768280121,10.5060563915956,11.8261699676514
"2020-01-02 07:00:01",31.9177287731599,23.6741312926227,22.9198684692383
"2020-01-02 08:00:01",50.8525951876466,37.1798856736559,46.242057800293
"2020-01-02 09:00:01",62.8160110007475,44.0066281474305,57.0618209838867
"2020-01-02 10:00:01",70.8034280364111,48.2376912698489,55.3885078430176
"2020-01-02 11:00:01",79.9192063332064,53.191688570416,56.8089942932129
"2020-01-02 12:00:01",87.9336811218022,58.6080819893992,57.0357093811035
"2020-01-02 13:00:01",90.4332315552364,57.1807037112254,55.2737121582031
"2020-01-02 14:00:01",89.3878001824468,57.1218199481978,54.4198760986328
"2020-01-02 15:00:01",88.9464158519548,53.9360446326968,54.6546859741211
"2020-01-02 16:00:01",86.7143641214229,56.2641109312706,52.695369720459
"2020-01-02 17:00:01",76.1942727646302,48.1502408596158,42.9533195495605
"2020-01-02 18:00:01",58.2634557785683,37.1578600666707,40.1840896606445
"2020-01-02 19:00:01",40.8281529903206,26.8673504171766,31.063570022583
"2020-01-02 20:00:01",27.7279871477603,19.4901342329995,20.4029731750488
"2020-01-02 21:00:01",17.8542317819193,13.1621859134485,11.6117868423462
"2020-01-02 22:00:01",10.2016403825111,7.61530559104618,5.51322841644287
"2020-01-02 23:00:01",5.08064055461038,4.18139865682809,3.07518792152405
"2020-01-03 00:00:01",3.54794338305619,1.13899685674204,2.66814684867859
"2020-01-03 01:00:01",1.78032456687978,0.362758280635471,2.90318703651428
"2020-01-03 02:00:01",1.06018666215379,0.124780306952638,1.93906784057617
"2020-01-03 03:00:01",0.987135506702084,0.175625807018314,1.76632821559906
"2020-01-03 04:00:01",1.68444089092033,0.678894025941529,2.33597779273987
"2020-01-03 05:00:01",4.0349904565624,2.63261818178596,4.98401689529419
"2020-01-03 06:00:01",10.0275273910645,6.95331499557178,14.0176525115967
"2020-01-03 07:00:01",20.5657858900039,16.055464681684,20.8703365325928
"2020-01-03 08:00:01",30.8103662098707,25.3910280745109,33.421459197998
"2020-01-03 09:00:01",35.966430151989,30.109867565619,41.8991661071777
"2020-01-03 10:00:01",38.6765074841412,33.0344993102818,45.084774017334
"2020-01-03 11:00:01",42.1575850307326,36.4588438187445,48.7863273620605
"2020-01-03 12:00:01",45.3768860830125,40.2028097385172,48.119384765625
"2020-01-03 13:00:01",46.2596753685649,39.2161650813221,42.760196685791
"2020-01-03 14:00:01",45.9530384442081,39.1754629415494,44.930534362793
"2020-01-03 15:00:01",46.598316110211,36.9733640010467,41.6569404602051
"2020-01-03 16:00:01",46.8924497358163,38.5825899576183,41.1369476318359
"2020-01-03 17:00:01",42.9887194830546,32.974051087589,37.310173034668
"2020-01-03 18:00:01",34.5893546573454,25.3758033455195,31.6881294250488
"2020-01-03 19:00:01",25.6735223446274,18.2627089957317,32.3330078125
"2020-01-03 20:00:01",18.55502219064,13.1633663446695,22.6109790802002
"2020-01-03 21:00:01",12.7356139360963,8.78930762739694,14.697639465332
"2020-01-03 22:00:01",7.73378166881664,4.95514543095328,5.84640741348267
"2020-01-03 23:00:01",4.06077455033509,2.58153082453925,2.96205353736877
"2020-01-04 00:00:01",2.48518291788508,0.756261689767362,1.90112411975861
"2020-01-04 01:00:01",1.24658421189512,0.118917100391956,2.07349109649658
"2020-01-04 02:00:01",0.73954183881562,0,2.51365566253662
"2020-01-04 03:00:01",0.735244083176184,0,1.95468235015869
"2020-01-04 04:00:01",1.39740883210636,0.378486017708056,2.56127548217773
"2020-01-04 05:00:01",3.54658461203836,1.98262623720743,3.97225046157837
"2020-01-04 06:00:01",8.95756294235175,5.53021176227912,9.29078674316406
"2020-01-04 07:00:01",18.2759335214677,13.0036948288205,20.277660369873
"2020-01-04 08:00:01",26.9005821158711,20.6688264009113,39.8838005065918
"2020-01-04 09:00:01",30.6014954155064,24.543314104001,49.4914245605469
"2020-01-04 10:00:01",31.9128740564658,26.9446353932955,52.8823318481445
"2020-01-04 11:00:01",33.6772010759731,29.7562547997581,52.4090805053711
"2020-01-04 12:00:01",35.1318636075746,32.8303050920555,52.7626419067383
"2020-01-04 13:00:01",34.8408819157465,32.020202820337,51.1547546386719
"2020-01-04 14:00:01",33.8952690161652,31.9867835992901,50.4393844604492
"2020-01-04 15:00:01",33.9909876851335,30.1787108131651,50.9514923095703
"2020-01-04 16:00:01",34.2315418118014,31.4999946144001,48.890209197998
"2020-01-04 17:00:01",31.8207676026123,26.895003297112,39.4094543457031
"2020-01-04 18:00:01",26.3332842261617,20.6563258644189,38.226375579834
"2020-01-04 19:00:01",20.4171067084674,14.815992316075,30.0969562530518
"2020-01-04 20:00:01",15.674022543088,10.6290856767178,22.3614177703857
"2020-01-04 21:00:01",11.6267529715543,7.03768640479964,14.2908735275269
"2020-01-04 22:00:01",7.77724077969961,3.88957884365778,5.99546098709106
"2020-01-04 23:00:01",4.62816357559676,1.94068004730021,3.75814580917358
"2020-01-05 00:00:01",1.51014295305797,1.38708024533953,2.91906332969666
"2020-01-05 01:00:01",0.821222691587269,0.520812599899065,1.78270733356476
"2020-01-05 02:00:01",0.593662044283452,0.255233658998015,2.80336785316467
"2020-01-05 03:00:01",0.79790475827638,0.311976280376171,2.21963095664978
"2020-01-05 04:00:01",1.80189330324056,0.873614143336192,3.54562401771545
"2020-01-05 05:00:01",4.95819675397465,3.05393354051485,7.82816457748413
"2020-01-05 06:00:01",13.4996699385045,7.87574988764066,19.1633129119873
"2020-01-05 07:00:01",29.8194347776134,18.0335776737626,44.118106842041
"2020-01-05 08:00:01",47.2848812000116,28.4518907647291,79.9555282592773
"2020-01-05 09:00:01",57.2447567524917,33.7180268484021,85.1467437744141
"2020-01-05 10:00:01",62.4833499985297,36.9818608463682,89.2150192260742
"2020-01-05 11:00:01",67.7352232068287,40.8033648862753,98.2690124511719
"2020-01-05 12:00:01",71.2680055999881,44.9815604072944,99.3048934936523
"2020-01-05 13:00:01",70.0709483056917,43.8804835343029,95.4106369018555
"2020-01-05 14:00:01",66.4827881370692,43.835060712157,94.1808776855469
"2020-01-05 15:00:01",64.0283008614263,41.3775597286523,97.3353118896484
"2020-01-05 16:00:01",61.1374108977757,43.1734256174271,113.60375213623
"2020-01-05 17:00:01",53.3881058913551,36.9144017672203,104.169273376465
"2020-01-05 18:00:01",41.2519489708314,28.434900253639,72.8263320922852
"2020-01-05 19:00:01",29.7497359827265,20.4968207973296,43.9657936096191
"2020-01-05 20:00:01",21.2040005517631,14.8060503465922,31.1974563598633
"2020-01-05 21:00:01",14.6164645126412,9.9246831192183,18.3342380523682
"2020-01-05 22:00:01",9.12145256879238,5.64583025054293,8.50403308868408
"2020-01-05 23:00:01",5.08833324781773,2.99692101107341,4.11343193054199
"2020-01-06 00:00:01",2.31272129991098,1.91156250157547,2.31719946861267
"2020-01-06 01:00:01",1.29370959990512,0.854961074909238,1.90264070034027
"2020-01-06 02:00:01",0.934743713269122,0.531029909609998,1.83737063407898
"2020-01-06 03:00:01",1.12586832251982,0.600239852999325,1.85995662212372
"2020-01-06 04:00:01",2.2595717140813,1.28527913663965,3.26334881782532
"2020-01-06 05:00:01",5.88429391013909,3.9446519041354,8.14400672912598
"2020-01-06 06:00:01",15.7784361967914,9.82590356845817,15.7664556503296
"2020-01-06 07:00:01",34.9621582495789,22.2155794234176,31.705846786499
"2020-01-06 08:00:01",56.1072247895014,34.922973648875,61.3339385986328
"2020-01-06 09:00:01",69.0497998056127,41.3461696764702,69.8506698608398
"2020-01-06 10:00:01",76.7397955772973,45.3271236885519,74.3868408203125
"2020-01-06 11:00:01",84.6498939773431,49.9882773652814,88.7174606323242
"2020-01-06 12:00:01",90.4137270496561,55.0844937270901,96.4888534545898
"2020-01-06 13:00:01",89.896320059469,53.7414914794643,89.4487075805664
"2020-01-06 14:00:01",85.8058380024272,53.6860884883275,88.8552703857422
"2020-01-06 15:00:01",82.6110870800683,50.688632610953,89.9937286376953
"2020-01-06 16:00:01",78.3195094081554,52.8790808750296,104.356475830078
"2020-01-06 17:00:01",67.4517490383345,45.2448426987857,90.0974807739258
"2020-01-06 18:00:01",51.0797585972951,34.9022500326208,65.2076797485352
"2020-01-06 19:00:01",35.8938208140588,25.2200390869935,43.2265243530273
"2020-01-06 20:00:01",24.7979882991569,18.2789092771391,37.5533218383789
"2020-01-06 21:00:01",16.5006780209892,12.3250223881712,26.5026569366455
"2020-01-06 22:00:01",9.91238636665676,7.10603254209598,13.1010179519653
"2020-01-06 23:00:01",5.30862918297139,3.87511274927635,6.33583974838257
"2020-01-07 00:00:01",2.71191165211695,2.07026811312311,6.45337915420532
"2020-01-07 01:00:01",1.47668188656899,0.956072671047473,3.42171835899353
"2020-01-07 02:00:01",1.02029496237378,0.614484425173683,2.46476531028748
"2020-01-07 03:00:01",1.15711157097886,0.687466915566495,2.11800932884216
"2020-01-07 04:00:01",2.2327112071934,1.40984682932741,3.41230225563049
"2020-01-07 05:00:01",5.71701196242699,4.21417866301875,7.84662246704102
"2020-01-07 06:00:01",15.2179517586116,10.4160099616605,12.4529275894165
"2020-01-07 07:00:01",33.679215293461,23.4810314711866,26.9486827850342
"2020-01-07 08:00:01",54.3142028182766,36.8810897801514,51.2009658813477
"2020-01-07 09:00:01",67.5766964812188,43.6544061479757,64.4395294189453
"2020-01-07 10:00:01",76.335727609371,47.8523569584049,69.535400390625
"2020-01-07 11:00:01",85.9596691426601,52.7675842620554,82.3998870849609
"2020-01-07 12:00:01",94.0202281197872,58.1415889707887,97.3361206054688
"2020-01-07 13:00:01",95.9063443372109,56.7253813590657,91.5809326171875
"2020-01-07 14:00:01",93.96370042073,56.6669584205346,88.696403503418
"2020-01-07 15:00:01",92.7789998221267,53.5061149916828,89.3955078125
"2020-01-07 16:00:01",90.0240604679736,55.8159618368049,99.3185119628906
"2020-01-07 17:00:01",79.1188763728632,47.7655909353299,85.4291305541992
"2020-01-07 18:00:01",60.9239500485185,36.8592365456288,60.4953918457031
"2020-01-07 19:00:01",43.3584288788781,26.6492604538206,40.2512741088867
"2020-01-07 20:00:01",30.2086293895315,19.3297783844119,32.1911888122559
"2020-01-07 21:00:01",20.1933051518339,13.0513526063466,20.5729484558105
"2020-01-07 22:00:01",12.1635911931215,7.54788218507024,11.6686182022095
"2020-01-07 23:00:01",6.54617658534367,4.1408490162529,5.08148336410522
"2020-01-08 00:00:01",3.38544253709614,2.20365460862577,4.66701459884644
"2020-01-08 01:00:01",1.88089670166016,1.04105341830676,2.86544823646545
"2020-01-08 02:00:01",1.30841033547073,0.684625016022112,1.97823750972748
"2020-01-08 03:00:01",1.41779096979643,0.760778199744584,1.88120186328888
"2020-01-08 04:00:01",2.55286878799195,1.5145416023631,3.57559180259705
"2020-01-08 05:00:01",6.2420886022207,4.44070644273024,6.96452522277832
"2020-01-08 06:00:01",16.1758722769048,10.9119736707909,13.3069562911987
"2020-01-08 07:00:01",35.1475202691662,24.5445994964918,26.8560409545898
"2020-01-08 08:00:01",55.885717659849,38.5268176532315,45.7379989624023
"2020-01-08 09:00:01",68.7765981438411,45.5943978768323,58.1646919250488
"2020-01-08 10:00:01",77.0805691476786,49.9747268790886,65.3406143188477
"2020-01-08 11:00:01",86.3661960955277,55.1034941474838,83.900032043457
"2020-01-08 12:00:01",94.2425551766761,60.7109702106726,96.5884170532227
"2020-01-08 13:00:01",96.1205155718585,59.2332360601355,89.384521484375
"2020-01-08 14:00:01",94.3215973591737,59.1722749618278,89.4643936157227
"2020-01-08 15:00:01",93.3818840280781,55.8741100313114,89.1122894287109
"2020-01-08 16:00:01",90.8950727661767,58.2843071925839,98.925537109375
"2020-01-08 17:00:01",80.1263825345171,49.8841913429546,81.2662353515625
"2020-01-08 18:00:01",61.8455352796927,38.5040150142071,59.9371223449707
"2020-01-08 19:00:01",44.0690063408164,27.8504708430409,40.8896179199219
"2020-01-08 20:00:01",30.6968017010681,20.212996980681,31.8889694213867
"2020-01-08 21:00:01",20.4808545958576,13.6618076585363,21.4998092651367
"2020-01-08 22:00:01",12.2923942132961,7.91924129985334,10.6851749420166
"2020-01-08 23:00:01",6.579785919905,4.36419102057342,4.20975589752197
"2020-01-09 00:00:01",3.37619951305906,2.09448556593356,2.85518670082092
"2020-01-09 01:00:01",1.85365577029403,0.971501648537233,2.26669764518738
"2020-01-09 02:00:01",1.26903049552734,0.627219046040417,1.86592543125153
"2020-01-09 03:00:01",1.35892936565956,0.700777202776345,2.03275799751282
"2020-01-09 04:00:01",2.44363880786266,1.4288550558794,3.71520066261292
"2020-01-09 05:00:01",5.98329555622237,4.25530670821359,7.62565040588379
"2020-01-09 06:00:01",15.5080398274664,10.5060563915955,16.1935539245605
"2020-01-09 07:00:01",33.7061906983902,23.6741312926225,31.4854717254639
"2020-01-09 08:00:01",53.6929153236761,37.1798856736559,52.9242401123047
"2020-01-09 09:00:01",66.3400753765234,44.0066281474307,61.4904403686523
"2020-01-09 10:00:01",74.8005520957379,48.2376912698492,69.1351928710938
"2020-01-09 11:00:01",84.4598107544866,53.1916885704162,84.5328063964844
"2020-01-09 12:00:01",92.9635851615311,58.6080819893994,95.1676559448242
"2020-01-09 13:00:01",95.6451916203336,57.1807037112253,85.6734313964844
"2020-01-09 14:00:01",94.580378144931,57.1218199481978,88.5507965087891
"2020-01-09 15:00:01",94.1536403154838,53.9360446326967,86.9719696044922
"2020-01-09 16:00:01",91.8313687608405,56.2641109312704,93.8684005737305
"2020-01-09 17:00:01",80.7318773088201,48.1502408596156,75.8225402832031
"2020-01-09 18:00:01",61.7733918606698,37.1578600666706,58.9273681640625
"2020-01-09 19:00:01",43.3240471556239,26.8673504171765,41.8413963317871
"2020-01-09 20:00:01",29.4549494366871,19.4901342329995,32.0945510864258
"2020-01-09 21:00:01",18.9960105641806,13.1621859134486,19.3199100494385
"2020-01-09 22:00:01",10.8849631055664,7.61530559104623,9.56067943572998
"2020-01-09 23:00:01",5.45426962554075,4.18139865682814,4.14575099945068
"2020-01-10 00:00:01",3.82941187325289,1.13899685674207,2.83395981788635
"2020-01-10 01:00:01",1.95362924151594,0.362758280635483,2.40595126152039
"2020-01-10 02:00:01",1.18951638808346,0.124780306952641,1.94213581085205
"2020-01-10 03:00:01",1.11275977567285,0.17562580701831,1.84581363201141
"2020-01-10 04:00:01",1.85533683889579,0.678894025941513,2.82118964195251
"2020-01-10 05:00:01",4.35775536014741,2.63261818178592,5.17816591262817
"2020-01-10 06:00:01",10.7393203736049,6.95331499557171,13.5857315063477
"2020-01-10 07:00:01",21.9673314094985,16.0554646816839,25.7414302825928
"2020-01-10 08:00:01",32.8917668672497,25.3910280745109,39.8279914855957
"2020-01-10 09:00:01",38.4015404986988,30.1098675656192,49.235912322998
"2020-01-10 10:00:01",41.3076717887012,33.0344993102821,57.3087425231934
"2020-01-10 11:00:01",45.038660368659,36.4588438187447,64.6457901000977
"2020-01-10 12:00:01",48.4933479770319,40.2028097385173,65.7721557617188
"2020-01-10 13:00:01",49.4563157981564,39.2161650813221,59.2133026123047
"2020-01-10 14:00:01",49.1496501439094,39.1754629415494,57.8923835754395
"2020-01-10 15:00:01",49.8598467009403,36.9733640010466,54.9341087341309
"2020-01-10 16:00:01",50.1952430637394,38.5825899576181,50.2212181091309
"2020-01-10 17:00:01",46.0416799104003,32.9740510875888,43.0694465637207
"2020-01-10 18:00:01",37.0750433499345,25.3758033455194,36.1992645263672
"2020-01-10 19:00:01",27.5482373162733,18.2627089957317,34.4433479309082
"2020-01-10 20:00:01",19.9380252873547,13.1633663446695,28.417236328125
"2020-01-10 21:00:01",13.7130870065352,8.789307627397,19.4260292053223
"2020-01-10 22:00:01",8.35914596267323,4.9551454309533,9.99020671844482
"2020-01-10 23:00:01",4.42536401261906,2.58153082453928,4.25706148147583
"2020-01-11 00:00:01",2.73779354834699,0.756261689767379,2.2641282081604
"2020-01-11 01:00:01",1.41040553440737,0.118917100391965,2.19814157485962
"2020-01-11 02:00:01",0.867152581283454,0,2.01837968826294
"2020-01-11 03:00:01",0.863300311921274,0,1.69584345817566
"2020-01-11 04:00:01",1.57538151731158,0.378486017708043,2.96290445327759
"2020-01-11 05:00:01",3.88609351847107,1.98262623720739,4.53089189529419
"2020-01-11 06:00:01",9.7054866603816,5.53021176227906,12.1262350082397
"2020-01-11 07:00:01",19.7322035352624,13.0036948288204,27.1262531280518
"2020-01-11 08:00:01",29.0206319094821,20.6688264009113,43.0643768310547
"2020-01-11 09:00:01",33.0165724238719,24.5433141040011,52.7644538879395
"2020-01-11 10:00:01",34.4425455290434,26.9446353932957,58.5382270812988
"2020-01-11 11:00:01",36.3576152182534,29.7562547997582,69.6153106689453
"2020-01-11 12:00:01",37.940480624965,32.8303050920556,78.8689041137695
"2020-01-11 13:00:01",37.642507249861,32.020202820337,77.1237030029297
"2020-01-11 14:00:01",36.6381830568584,31.98678359929,75.6480102539062
"2020-01-11 15:00:01",36.7566640279908,30.178710813165,73.4008712768555
"2020-01-11 16:00:01",37.0315654129376,31.4999946143999,76.7639312744141
"2020-01-11 17:00:01",34.4434711318873,26.8950032971119,60.0535469055176
"2020-01-11 18:00:01",28.5293654169689,20.6563258644188,46.2932357788086
"2020-01-11 19:00:01",22.147159337449,14.8159923160749,37.4903869628906
"2020-01-11 20:00:01",17.0281726667322,10.6290856767178,29.1260776519775
"2020-01-11 21:00:01",12.6576900189689,7.03768640479967,19.5445308685303
"2020-01-11 22:00:01",8.49768235246994,3.88957884365779,9.39779567718506
"2020-01-11 23:00:01",5.09256564998171,1.94068004730024,4.18155431747437
"2020-01-12 00:00:01",1.71835176798748,1.38708024533955,2.34581637382507
"2020-01-12 01:00:01",0.973075766633324,0.520812599899076,1.79816997051239
"2020-01-12 02:00:01",0.727230358158626,0.255233658998018,1.93260776996613
"2020-01-12 03:00:01",0.949368086727045,0.311976280376167,1.90922439098358
"2020-01-12 04:00:01",2.03914703872339,0.873614143336174,4.10336017608643
"2020-01-12 05:00:01",5.46528568824249,3.0539335405148,10.2220592498779
"2020-01-12 06:00:01",14.7399579196558,7.87574988764059,24.7788066864014
"2020-01-12 07:00:01",32.4689818182332,18.0335776737625,58.18017578125
"2020-01-12 08:00:01",51.4567267079706,28.4518907647292,98.5937728881836
"2020-01-12 09:00:01",62.3022070978664,33.7180268484023,98.5075912475586
"2020-01-12 10:00:01",68.0229721291675,36.9818608463686,102.588478088379
"2020-01-12 11:00:01",73.7626653745526,40.8033648862756,115.825675964355
"2020-01-12 12:00:01",77.636271251468,44.9815604072947,120.454551696777
"2020-01-12 13:00:01",76.3642234253063,43.8804835343029,109.414993286133
"2020-01-12 14:00:01",72.4872673800131,43.8350607121569,107.138023376465
"2020-01-12 15:00:01",69.842244039602,41.3775597286521,107.382652282715
"2020-01-12 16:00:01",66.7194902485367,43.1734256174269,128.508926391602
"2020-01-12 17:00:01",58.2972953845907,36.9144017672201,107.870994567871
"2020-01-12 18:00:01",45.0837615001176,28.4349002536389,76.3420333862305
"2020-01-12 19:00:01",32.5515498426149,20.4968207973296,57.204216003418
"2020-01-12 20:00:01",23.2366305695306,14.8060503465921,41.220085144043
"2020-01-12 21:00:01",16.0527076793901,9.92468311921834,25.4744300842285
"2020-01-12 22:00:01",10.0566327249482,5.64583025054295,10.3385095596313
"2020-01-12 23:00:01",5.65346168517858,2.99692101107344,3.92609667778015
"2020-01-13 00:00:01",2.62162219919003,1.9115625015755,2.5226571559906
"2020-01-13 01:00:01",1.50856562808868,0.854961074909251,1.96652269363403
"2020-01-13 02:00:01",1.1167962757511,0.531029909610002,1.79357755184174
"2020-01-13 03:00:01",1.3268069569694,0.60023985299932,1.81616377830505
"2020-01-13 04:00:01",2.56905054062541,1.28527913663963,4.06011772155762
"2020-01-13 05:00:01",6.54083632462306,3.94465190413533,9.47056865692139
"2020-01-13 06:00:01",17.3856646181887,9.82590356845808,21.755687713623
"2020-01-13 07:00:01",38.4222247712363,22.2155794234175,47.6897811889648
"2020-01-13 08:00:01",61.6258672373353,34.9229736488751,82.527717590332
"2020-01-13 09:00:01",75.8487303849969,41.3461696764705,85.2939834594727
"2020-01-13 10:00:01",84.3178844927105,45.3271236885524,94.4654083251953
"2020-01-13 11:00:01",93.0351416275217,49.9882773652817,105.767135620117
"2020-01-13 12:00:01",99.40173583445,55.0844937270904,110.854606628418
"2020-01-13 13:00:01",98.8716765361541,53.7414914794644,100.392181396484
"2020-01-13 14:00:01",94.4137550807976,53.6860884883274,99.2458572387695
"2020-01-13 15:00:01",90.9372944683124,50.6886326109529,98.4458312988281
"2020-01-13 16:00:01",86.2516086635679,52.8790808750293,117.399856567383
"2020-01-13 17:00:01",74.325725863724,45.2448426987854,92.8175735473633
"2020-01-13 18:00:01",56.3314424090216,34.9022500326206,68.206428527832
"2020-01-13 19:00:01",39.6295906279766,25.2200390869934,59.9003028869629
"2020-01-13 20:00:01",27.4209987783455,18.278909277139,47.3632507324219
"2020-01-13 21:00:01",18.2873617501463,12.3250223881713,32.3226852416992
"2020-01-13 22:00:01",11.0310052558627,7.10603254209601,16.6500587463379
"2020-01-13 23:00:01",5.95794812588692,3.87511274927638,7.02390670776367
"2020-01-14 00:00:01",3.09550624811945,2.07026811312314,4.41675901412964
"2020-01-14 01:00:01",1.73365520918543,0.956072671047488,2.75164198875427
"2020-01-14 02:00:01",1.23075362532554,0.614484425173687,2.23007082939148
"2020-01-14 03:00:01",1.38271732133544,0.687466915566489,2.25265717506409
"2020-01-14 04:00:01",2.57214992353502,1.40984682932738,4.25273132324219
"2020-01-14 05:00:01",6.42508644578092,4.21417866301868,8.71248817443848
"2020-01-14 06:00:01",16.9342734366248,10.4160099616604,18.6450862884521
"2020-01-14 07:00:01",37.3635864596347,23.4810314711865,41.4134559631348
"2020-01-14 08:00:01",60.213684122661,36.8810897801515,76.5026321411133
"2020-01-14 09:00:01",74.9189348390241,43.654406147976,76.7340927124023
"2020-01-14 10:00:01",84.647594726586,47.8523569584054,84.3550109863281
"2020-01-14 11:00:01",95.3416512032833,52.7675842620558,98.7207946777344
"2020-01-14 12:00:01",104.310881676749,58.1415889707891,102.058082580566
"2020-01-14 13:00:01",106.441020543768,56.7253813590658,92.9266738891602
"2020-01-14 14:00:01",104.326108276346,56.6669584205345,93.5353012084961
"2020-01-14 15:00:01",103.05052075887,53.5061149916826,91.1136093139648
"2020-01-14 16:00:01",100.031052667413,55.8159618368045,105.957389831543
"2020-01-14 17:00:01",87.9596963729892,47.7655909353297,82.3501281738281
"2020-01-14 18:00:01",67.782288151462,36.8592365456286,61.2882614135742
"2020-01-14 19:00:01",48.2893855726338,26.6492604538205,52.6023330688477
"2020-01-14 20:00:01",33.6905336595686,19.3297783844119,39.2698516845703
"2020-01-14 21:00:01",22.5664283069733,13.0513526063467,30.4429683685303
"2020-01-14 22:00:01",13.6429306292612,7.54788218507028,16.355489730835
"2020-01-14 23:00:01",7.39728470523325,4.14084901625294,7.71783208847046
"2020-01-15 00:00:01",3.88183825413023,2.2036546086258,4.01505899429321
"2020-01-15 01:00:01",2.20815576022855,1.04105341830677,2.60918879508972
"2020-01-15 02:00:01",1.57156980211495,0.684625016022115,2.01282858848572
"2020-01-15 03:00:01",1.69439556564296,0.760778199744578,2.03541445732117
"2020-01-15 04:00:01",2.96076264643457,1.51454160236308,4.1461067199707
"2020-01-15 05:00:01",7.07644565173372,4.44070644273018,8.38257312774658
"2020-01-15 06:00:01",18.161600525597,10.9119736707908,19.1833667755127
"2020-01-15 07:00:01",39.3411035539783,24.5445994964917,41.5819778442383
"2020-01-15 08:00:01",62.5080145106694,38.5268176532317,73.0213012695312
"2020-01-15 09:00:01",76.9275207762567,45.5943978768326,71.9159774780273
"2020-01-15 10:00:01",86.2327481225658,49.9747268790891,77.3559494018555
"2020-01-15 11:00:01",96.6416860817719,55.1034941474841,90.9983444213867
"2020-01-15 12:00:01",105.482412500212,60.710970210673,95.1471557617188
"2020-01-15 13:00:01",107.620691844098,59.2332360601355,87.659049987793
"2020-01-15 14:00:01",105.646689408701,59.1722749618277,87.5048599243164
"2020-01-15 15:00:01",104.63283360766,55.8741100313111,84.9873733520508
"2020-01-15 16:00:01",101.886044890311,58.2843071925836,93.252555847168
"2020-01-15 17:00:01",89.8615317930434,49.8841913429543,75.0577850341797
"2020-01-15 18:00:01",69.4118582573821,38.5040150142069,60.7930564880371
"2020-01-15 19:00:01",49.512926306201,27.8504708430408,49.774959564209
"2020-01-15 20:00:01",34.5379926243789,20.212996980681,38.1321754455566
"2020-01-15 21:00:01",23.0924875998588,13.6618076585363,26.6453056335449
"2020-01-15 22:00:01",13.9137093071374,7.91924129985336,14.975043296814
"2020-01-15 23:00:01",7.50729525693841,4.36419102057345,6.31555318832397
"2020-01-16 00:00:01",3.91341578237259,2.09448556593359,3.43622040748596
"2020-01-16 01:00:01",2.20508502613853,0.971501648537247,2.3999502658844
"2020-01-16 02:00:01",1.54935081403194,0.627219046040421,1.96633636951447
"2020-01-16 03:00:01",1.65127779560111,0.700777202776339,2.1331684589386
"2020-01-16 04:00:01",2.8717619560804,1.42885505587938,4.09961414337158
"2020-01-16 05:00:01",6.85420012423658,4.25530670821353,8.57352161407471
"2020-01-16 06:00:01",17.5732224300034,10.5060563915954,20.6529598236084
"2020-01-16 07:00:01",38.0614750492301,23.6741312926224,41.8027572631836
"2020-01-16 08:00:01",60.5775532092877,37.179885673656,71.9869079589844
"2020-01-16 09:00:01",74.8427972148184,44.006628147431,73.4671630859375
"2020-01-16 10:00:01",84.4008564725556,48.2376912698496,77.6725158691406
"2020-01-16 11:00:01",95.3164840873674,53.1916885704166,89.7155609130859
"2020-01-16 12:00:01",104.936795612869,58.6080819893997,95.219856262207
"2020-01-16 13:00:01",107.99731153077,57.1807037112254,86.5351791381836
"2020-01-16 14:00:01",106.833147313227,57.1218199481977,86.8136978149414
"2020-01-16 15:00:01",106.388225737664,53.9360446326965,83.8458404541016
"2020-01-16 16:00:01",103.802937416686,56.2641109312701,88.4630355834961
"2020-01-16 17:00:01",91.3033230291209,48.1502408596153,74.2224960327148
"2020-01-16 18:00:01",69.9166703430325,37.1578600666704,63.6313400268555
"2020-01-16 19:00:01",49.0908896549526,26.8673504171765,52.6214408874512
"2020-01-16 20:00:01",33.4289305263334,19.4901342329995,38.3524856567383
"2020-01-16 21:00:01",21.6128361245782,13.1621859134487,25.5475101470947
"2020-01-16 22:00:01",12.4448282625832,7.61530559104626,13.7865400314331
"2020-01-16 23:00:01",6.30381867544256,4.18139865682817,6.00502014160156
"2020-01-17 00:00:01",4.46691467295504,1.13899685674208,3.47318291664124
"2020-01-17 01:00:01",2.34463640756363,0.362758280635493,2.51818299293518
"2020-01-17 02:00:01",1.48019444259021,0.124780306952644,1.90776550769806
"2020-01-17 03:00:01",1.39404305717349,0.175625807018307,1.81289100646973
"2020-01-17 04:00:01",2.23655657937185,0.678894025941498,2.96810793876648
"2020-01-17 05:00:01",5.07508644424032,2.63261818178587,5.42477178573608
"2020-01-17 06:00:01",12.315453866142,6.95331499557164,13.4136199951172
"2020-01-17 07:00:01",25.0595373707553,16.0554646816838,25.2954921722412
"2020-01-17 08:00:01",37.4674348948299,25.391028074511,41.3771896362305
"2020-01-17 09:00:01",43.7357557596953,30.1098675656194,53.4589157104492
"2020-01-17 10:00:01",47.0510596093901,33.0344993102823,58.580924987793
"2020-01-17 11:00:01",51.3056365585713,36.458843818745,65.3124618530273
"2020-01-17 12:00:01",55.2489373770478,40.2028097385175,69.1815872192383
"2020-01-17 13:00:01",56.362015956088,39.2161650813221,62.6001586914062
"2020-01-17 14:00:01",56.0319026966967,39.1754629415493,57.3862228393555
"2020-01-17 15:00:01",56.8583155685652,36.9733640010464,55.7219657897949
"2020-01-17 16:00:01",57.2587062637484,38.5825899576179,52.5038223266602
"2020-01-17 17:00:01",52.5493542827293,32.9740510875886,46.4375038146973
"2020-01-17 18:00:01",42.3562499914831,25.3758033455192,38.3070640563965
"2020-01-17 19:00:01",31.5184766671386,18.2627089957316,35.7344207763672
"2020-01-17 20:00:01",22.8575532994466,13.1633663446694,32.1155624389648
"2020-01-17 21:00:01",15.7699965242841,8.78930762739702,22.5638179779053
"2020-01-17 22:00:01",9.67097430488103,4.95514543095333,13.291485786438
"2020-01-17 23:00:01",5.18778360225822,2.58153082453931,6.27320384979248
"2020-01-18 00:00:01",3.26441657329145,0.756261689767393,3.27068567276001
"2020-01-18 01:00:01",1.75088351893265,0.118917100391973,2.34329509735107
"2020-01-18 02:00:01",1.13156883987419,0,2.01837968826294
"2020-01-18 03:00:01",1.12784295798198,0,1.69584345817566
"2020-01-18 04:00:01",1.94194904233748,0.378486017708031,2.96290445327759
"2020-01-18 05:00:01",4.58331197064064,1.98262623720735,4.76284170150757
"2020-01-18 06:00:01",11.2369384422518,5.530211762279,14.0629739761353
"2020-01-18 07:00:01",22.7054255852361,13.0036948288203,30.2634220123291
"2020-01-18 08:00:01",33.3366360606757,20.6688264009114,45.3232460021973
"2020-01-18 09:00:01",37.9191888358447,24.5433141040013,55.1781196594238
"2020-01-18 10:00:01",39.5632867228503,26.944635393296,59.7230033874512
"2020-01-18 11:00:01",41.7683078308979,29.7562547997584,67.9865798950195
"2020-01-18 12:00:01",43.5942238648602,32.8303050920558,69.7720413208008
"2020-01-18 13:00:01",43.2666509519556,32.0202028203371,67.094856262207
"2020-01-18 14:00:01",42.1294353979046,31.98678359929,62.5153732299805
"2020-01-18 15:00:01",42.2784977999036,30.1787108131649,60.6821594238281
"2020-01-18 16:00:01",42.6069678352127,31.4999946143997,59.4888648986816
"2020-01-18 17:00:01",39.6518903498564,26.8950032971117,53.2039222717285
"2020-01-18 18:00:01",32.8790408262614,20.6563258644187,43.4258308410645
"2020-01-18 19:00:01",25.5648196019076,14.8159923160749,38.6671409606934
"2020-01-18 20:00:01",19.6963013502898,10.6290856767178,32.1549644470215
"2020-01-18 21:00:01",14.6837468859265,7.03768640479969,21.6588287353516
"2020-01-18 22:00:01",9.909916789236,3.88957884365781,12.6492986679077
"2020-01-18 23:00:01",6.00059446774845,1.94068004730026,5.98834991455078
"2020-01-19 00:00:01",2.1244310442682,1.38708024533957,2.61045336723328
"2020-01-19 01:00:01",1.26850278219986,0.520812599899088,1.79816997051239
"2020-01-19 02:00:01",0.986441411936519,0.255233658998021,1.66874015331268
"2020-01-19 03:00:01",1.2425853068047,0.311976280376163,1.6453572511673
"2020-01-19 04:00:01",2.49732613431724,0.873614143336158,4.23041582107544
"2020-01-19 05:00:01",6.44219625619923,3.05393354051475,10.7687253952026
"2020-01-19 06:00:01",17.1236480196571,7.87574988764051,27.5474014282227
"2020-01-19 07:00:01",37.5489792377652,18.0335776737624,66.1735458374023
"2020-01-19 08:00:01",59.4365373915936,28.4518907647292,109.125122070312
"2020-01-19 09:00:01",71.9532962001825,33.7180268484025,108.426132202148
"2020-01-19 10:00:01",78.5695819715365,36.9818608463689,109.737716674805
"2020-01-19 11:00:01",85.2115043735913,40.8033648862759,122.944328308105
"2020-01-19 12:00:01",89.7047559928122,44.9815604072948,125.118301391602
"2020-01-19 13:00:01",88.2634544438345,43.880483534303,112.161811828613
"2020-01-19 14:00:01",83.8148037100959,43.8350607121569,110.204849243164
"2020-01-19 15:00:01",80.7857399121967,41.377559728652,110.724105834961
"2020-01-19 16:00:01",77.2031672746615,43.1734256174266,135.445205688477
"2020-01-19 17:00:01",67.4968503504075,36.9144017672199,108.443061828613
"2020-01-19 18:00:01",52.2486204888622,28.4349002536388,75.3072509765625
"2020-01-19 19:00:01",37.7790726493384,20.4968207973295,59.4865455627441
"2020-01-19 20:00:01",27.0208391043079,14.8060503465921,47.8198127746582
"2020-01-19 21:00:01",18.7208653732952,9.92468311921836,30.8271923065186
"2020-01-19 22:00:01",11.7902460445468,5.64583025054298,13.9999589920044
"2020-01-19 23:00:01",6.69886556808837,2.99692101107346,4.91182518005371
"2020-01-20 00:00:01",3.1918423972974,1.91156250157552,2.68540263175964
"2020-01-20 01:00:01",1.90435474455078,0.854961074909265,1.96652269363403
"2020-01-20 02:00:01",1.45146282687316,0.531029909610005,1.79357755184174
"2020-01-20 03:00:01",1.69543164413344,0.600239852999315,1.81616377830505
"2020-01-20 04:00:01",3.13563355034688,1.28527913663961,4.29606771469116
"2020-01-20 05:00:01",7.74037189792252,3.94465190413527,9.66479206085205
"2020-01-20 06:00:01",20.3162320352801,9.82590356845798,24.7480239868164
"2020-01-20 07:00:01",44.7185664881852,22.2155794234174,55.6489143371582
"2020-01-20 08:00:01",71.6482668950857,34.9229736488752,101.068832397461
"2020-01-20 09:00:01",88.1718738593575,41.3461696764708,97.6127014160156
"2020-01-20 10:00:01",98.0263165839469,45.3271236885528,103.012222290039
"2020-01-20 11:00:01",108.174130060115,49.9882773652821,113.889205932617
"2020-01-20 12:00:01",115.597555995839,55.0844937270907,117.655799865723
"2020-01-20 13:00:01",115.013597314859,53.7414914794645,103.658004760742
"2020-01-20 14:00:01",109.865271809186,53.6860884883273,106.071365356445
"2020-01-20 15:00:01",105.854766367893,50.6886326109527,105.731727600098
"2020-01-20 16:00:01",100.436188320174,52.8790808750289,124.010688781738
"2020-01-20 17:00:01",86.5950890535313,45.2448426987852,96.9527282714844
"2020-01-20 18:00:01",65.6877264719467,34.9022500326205,67.250244140625
"2020-01-20 19:00:01",46.272846616821,25.2200390869933,58.550838470459
"2020-01-20 20:00:01",32.0768819944047,18.278909277139,49.3002853393555
"2020-01-20 21:00:01",21.4529612823014,12.3250223881713,34.673225402832
"2020-01-20 22:00:01",13.0093486827808,7.10603254209604,18.9500122070312
"2020-01-20 23:00:01",7.10423627998975,3.87511274927642,9.08371543884277
"2020-01-21 00:00:01",3.77147917459722,2.07026811312316,4.02948951721191
"2020-01-21 01:00:01",2.1856888871609,0.956072671047502,2.53829121589661
"2020-01-21 02:00:01",1.60030964056413,0.614484425173691,2.20579791069031
"2020-01-21 03:00:01",1.77817415260086,0.687466915566484,2.22838425636292
"2020-01-21 04:00:01",3.16610065499875,1.40984682932736,4.46040534973145
"2020-01-21 05:00:01",7.66192423208527,4.21417866301862,9.18432235717773
"2020-01-21 06:00:01",19.9271018634856,10.4160099616603,23.1091403961182
"2020-01-21 07:00:01",43.7771642198689,23.4810314711864,50.9568710327148
"2020-01-21 08:00:01",70.4656972117813,36.8810897801516,86.3482513427734
"2020-01-21 09:00:01",87.6565041901871,43.6544061479764,87.1032791137695
"2020-01-21 10:00:01",99.0429971829398,47.8523569584058,97.5574035644531
"2020-01-21 11:00:01",111.563161439896,52.7675842620561,107.030738830566
"2020-01-21 12:00:01",122.073843976199,58.1415889707893,109.692306518555
"2020-01-21 13:00:01",124.595074158377,56.725381359066,100.297714233398
"2020-01-21 14:00:01",122.153888809358,56.6669584205344,99.2806625366211
"2020-01-21 15:00:01",120.693002340058,53.5061149916824,98.5046310424805
"2020-01-21 16:00:01",117.191195455237,55.8159618368042,113.370475769043
"2020-01-21 17:00:01",103.095530459619,47.7655909353294,91.1246337890625
"2020-01-21 18:00:01",79.5051375796614,36.8592365456284,65.0939254760742
"2020-01-21 19:00:01",56.7043045290847,26.6492604538204,57.6768341064453
"2020-01-21 20:00:01",39.6231184671428,19.3297783844118,46.4570922851562
"2020-01-21 21:00:01",26.6034368487895,13.0513526063467,34.3469429016113
"2020-01-21 22:00:01",16.1555304884814,7.54788218507031,20.3006038665771
"2020-01-21 23:00:01",8.84059641798186,4.14084901625297,10.4031982421875
"2020-01-22 00:00:01",4.72231769437397,2.20365460862583,4.45026350021362
"2020-01-22 01:00:01",2.7614015685453,1.04105341830679,2.71069121360779
"2020-01-22 02:00:01",2.01576772253198,0.684625016022119,2.37819886207581
"2020-01-22 03:00:01",2.16057340572124,0.760778199744572,2.40078473091125
"2020-01-22 04:00:01",3.6471633400016,1.51454160236306,4.48467826843262
"2020-01-22 05:00:01",8.47836931529401,4.44070644273012,9.17999935150146
"2020-01-22 06:00:01",21.4930838845701,10.9119736707907,23.4151973724365
"2020-01-22 07:00:01",46.3661953782049,24.5445994964916,48.8658256530762
"2020-01-22 08:00:01",73.5851566893037,38.5268176532318,83.6540603637695
"2020-01-22 09:00:01",90.5413916641333,45.594397876833,84.3893127441406
"2020-01-22 10:00:01",101.49640218395,49.9747268790895,92.2897033691406
"2020-01-22 11:00:01",113.753618300352,55.1034941474844,104.323692321777
"2020-01-22 12:00:01",124.173007304616,60.7109702106732,106.721336364746
"2020-01-22 13:00:01",126.716406313392,59.2332360601357,95.8265533447266
"2020-01-22 14:00:01",124.424523193034,59.1722749618277,94.6338195800781
"2020-01-22 15:00:01",123.260929864808,55.8741100313109,91.8796463012695
"2020-01-22 16:00:01",120.057684852305,58.2843071925833,106.335556030273
"2020-01-22 17:00:01",105.93399713233,49.8841913429541,80.4506988525391
"2020-01-22 18:00:01",81.8859730755586,38.5040150142067,59.9392776489258
"2020-01-22 19:00:01",58.47533307542,27.8504708430407,52.7030334472656
"2020-01-22 20:00:01",40.8529426644885,20.2129969806809,40.0258255004883
"2020-01-22 21:00:01",27.3800484423413,13.6618076585364,31.6984710693359
"2020-01-22 22:00:01",16.571756465941,7.9192412998534,18.4509696960449
"2020-01-22 23:00:01",9.02579110897683,4.36419102057349,10.1427698135376
"2020-01-23 00:00:01",4.79172504916962,2.09448556593361,4.2250075340271
"2020-01-23 01:00:01",2.7788606647585,0.971501648537261,2.71738409996033
"2020-01-23 02:00:01",2.00640481971926,0.627219046040424,2.12102389335632
"2020-01-23 03:00:01",2.12729789783306,0.700777202776334,2.40747761726379
"2020-01-23 04:00:01",3.56791965647573,1.42885505587936,4.49137163162231
"2020-01-23 05:00:01",8.26845166998732,4.25530670821347,9.18669128417969
"2020-01-23 06:00:01",20.9223714737043,10.5060563915953,24.0918807983398
"2020-01-23 07:00:01",45.1151457108974,23.6741312926223,46.6919288635254
"2020-01-23 08:00:01",71.7129349007033,37.1798856736561,82.5935134887695
"2020-01-23 09:00:01",88.5772065736989,44.0066281474314,83.7163467407227
"2020-01-23 10:00:01",99.8878697263728,48.2376912698501,90.7961959838867
"2020-01-23 11:00:01",112.807406133765,53.1916885704169,102.716514587402
"2020-01-23 12:00:01",124.201502444875,58.6080819894,102.210166931152
"2020-01-23 13:00:01",127.845994912078,57.1807037112256,91.5347061157227
"2020-01-23 14:00:01",126.496855034008,57.1218199481977,90.2201156616211
"2020-01-23 15:00:01",125.997606542375,53.9360446326962,87.6714553833008
"2020-01-23 16:00:01",122.966296329243,56.2641109312697,94.3656616210938
"2020-01-23 17:00:01",108.203971497372,48.1502408596151,73.6283264160156
"2020-01-23 18:00:01",82.9189385069362,37.1578600666702,58.9398460388184
"2020-01-23 19:00:01",58.2871483939367,26.8673504171764,48.9377059936523
"2020-01-23 20:00:01",39.7582138214438,19.4901342329994,38.5162887573242
"2020-01-23 21:00:01",25.7754058691015,13.1621859134487,30.1062526702881
"2020-01-23 22:00:01",14.9230157454987,7.61530559104628,17.6606731414795
"2020-01-23 23:00:01",7.65184455267549,4.18139865682822,8.97167110443115
"2020-01-24 00:00:01",5.47722974025314,1.1389968567421,4.31803846359253
"2020-01-24 01:00:01",2.96354524543121,0.362758280635502,2.72742056846619
"2020-01-24 02:00:01",1.93973483942171,0.124780306952647,2.06801724433899
"2020-01-24 03:00:01",1.83819041096879,0.175625807018303,2.00570225715637
"2020-01-24 04:00:01",2.83777524216087,0.678894025941483,3.18090748786926
"2020-01-24 05:00:01",6.20501976998389,2.63261818178583,5.0866436958313
"2020-01-24 06:00:01",14.795184007024,6.95331499557158,14.2348957061768
"2020-01-24 07:00:01",29.9186865363385,16.0554646816837,25.5547008514404
"2020-01-24 08:00:01",44.6491610199135,25.391028074511,45.0464363098145
"2020-01-24 09:00:01",52.0981276747571,30.1098675656197,56.398063659668
"2020-01-24 10:00:01",56.0442496430926,33.0344993102827,59.2021636962891
"2020-01-24 11:00:01",61.107133628995,36.4588438187452,68.3862609863281
"2020-01-24 12:00:01",65.802240021528,40.2028097385177,68.5686950683594
"2020-01-24 13:00:01",67.137223841446,39.2161650813222,63.9883308410645
"2020-01-24 14:00:01",66.7580395550016,39.1754629415492,56.9650230407715
"2020-01-24 15:00:01",67.7529466202903,36.9733640010463,50.9169082641602
"2020-01-24 16:00:01",68.2418305820598,38.5825899576177,50.2056465148926
"2020-01-24 17:00:01",62.6566432750301,32.9740510875884,44.5542831420898
"2020-01-24 18:00:01",50.5492811266254,25.3758033455191,38.9142799377441
"2020-01-24 19:00:01",37.6707073000883,18.2627089957315,35.4211845397949
"2020-01-24 20:00:01",27.3764760651674,13.1633663446694,33.0122337341309
"2020-01-24 21:00:01",18.9501323948732,8.78930762739705,24.3700637817383
"2020-01-24 22:00:01",11.6968722143086,4.95514543095334,16.4133987426758
"2020-01-24 23:00:01",6.36388963373058,2.58153082453934,8.28059768676758
"2020-01-25 00:00:01",4.07587442179881,0.756261689767408,4.06904935836792
"2020-01-25 01:00:01",2.27493099997418,0.118917100391982,2.52901172637939
"2020-01-25 02:00:01",1.53809360764176,0,2.13069105148315
"2020-01-25 03:00:01",1.53411183564919,0,1.80815517902374
"2020-01-25 04:00:01",2.50428077544022,0.378486017708019,3.09213924407959
"2020-01-25 05:00:01",5.6517022809489,1.98262623720732,4.78859090805054
"2020-01-25 06:00:01",13.5811055192714,5.53021176227895,15.5966243743896
"2020-01-25 07:00:01",27.2515198033568,13.0036948288203,32.4381523132324
"2020-01-25 08:00:01",39.9286856131549,20.6688264009114,48.626148223877
"2020-01-25 09:00:01",45.3990872507269,24.5433141040015,56.6152801513672
"2020-01-25 10:00:01",47.3675412337376,26.9446353932962,59.7230033874512
"2020-01-25 11:00:01",50.0055890352724,29.7562547997586,69.0829696655273
"2020-01-25 12:00:01",52.1922972902788,32.830305092056,73.6702117919922
"2020-01-25 13:00:01",51.8105695823081,32.0202028203371,70.3369674682617
"2020-01-25 14:00:01",50.4625872576634,31.9867835992899,70.7865447998047
"2020-01-25 15:00:01",50.6491631808808,30.1787108131647,71.6150817871094
"2020-01-25 16:00:01",51.0498975190955,31.4999946143996,73.3258590698242
"2020-01-25 17:00:01",47.5307744679145,26.8950032971116,61.8389663696289
"2020-01-25 18:00:01",39.4519702497423,20.6563258644186,51.075252532959
"2020-01-25 19:00:01",30.7239421673282,14.8159923160748,40.3768692016602
"2020-01-25 20:00:01",23.7197646776008,10.6290856767178,36.0596694946289
"2020-01-25 21:00:01",17.7358042579649,7.03768640479971,25.4452247619629
"2020-01-25 22:00:01",12.0351035397564,3.88957884365783,14.6294536590576
"2020-01-25 23:00:01",7.36561949112443,1.94068004730028,6.72212553024292
"2020-01-26 00:00:01",2.73425419979617,1.38708024533959,2.84661602973938
"2020-01-26 01:00:01",1.71169977564579,0.520812599899099,1.79816997051239
"2020-01-26 02:00:01",1.37490921219147,0.255233658998024,1.66874015331268
"2020-01-26 03:00:01",1.68156787378448,0.311976280376158,1.6453572511673
"2020-01-26 04:00:01",3.18257880104845,0.873614143336142,4.46454286575317
"2020-01-26 05:00:01",7.90178091046489,3.0539335405147,10.8736171722412
"2020-01-26 06:00:01",20.6814734318813,7.87574988764044,27.4646129608154
"2020-01-26 07:00:01",45.123584745446,18.0335776737623,70.2851791381836
"2020-01-26 08:00:01",71.3229860434195,28.4518907647293,120.426879882812
"2020-01-26 09:00:01",86.3148080450449,33.7180268484028,103.394409179688
"2020-01-26 10:00:01",94.2480025349766,36.9818608463692,108.307334899902
"2020-01-26 11:00:01",102.214198747548,40.8033648862761,122.426376342773
"2020-01-26 12:00:01",107.609873686524,44.9815604072951,122.960929870605
"2020-01-26 13:00:01",105.899967151891,43.8804835343031,106.324928283691
"2020-01-26 14:00:01",100.587385043572,43.8350607121569,108.481727600098
"2020-01-26 15:00:01",96.9737091578446,41.3775597286518,111.441932678223
"2020-01-26 16:00:01",92.6957201941672,43.1734256174264,141.174926757812
"2020-01-26 17:00:01",81.0784348003176,36.9144017672197,112.73991394043
"2020-01-26 18:00:01",62.8159858036606,28.4349002536386,80.7942504882812
"2020-01-26 19:00:01",45.4815714869739,20.4968207973294,58.2612571716309
"2020-01-26 20:00:01",32.5912670772491,14.8060503465921,46.2535400390625
"2020-01-26 21:00:01",22.6446390265696,9.9246831192184,31.5283393859863
"2020-01-26 22:00:01",14.3372216242262,5.64583025054299,16.2233600616455
"2020-01-26 23:00:01",8.23326305413363,2.99692101107349,6.03645277023315
"2020-01-27 00:00:01",4.02798183633667,1.91156250157555,3.2061493396759
"2020-01-27 01:00:01",2.48416168565317,0.854961074909278,2.11168026924133
"2020-01-27 02:00:01",1.94126016164907,0.531029909610009,1.94192969799042
"2020-01-27 03:00:01",2.2344135164648,0.60023985299931,1.81616377830505
"2020-01-27 04:00:01",3.9632707363221,1.28527913663959,4.29606771469116
"2020-01-27 05:00:01",9.49093330650931,3.94465190413522,9.66479206085205
"2020-01-27 06:00:01",24.5889552206687,9.82590356845789,26.7494506835938
"2020-01-27 07:00:01",53.8898727196189,22.2155794234173,57.2323760986328
"2020-01-27 08:00:01",86.2332361051741,34.9229736488753,110.908813476562
"2020-01-27 09:00:01",106.088128240235,41.3461696764712,101.405883789062
"2020-01-27 10:00:01",117.937928793758,45.3271236885532,103.943794250488
"2020-01-27 11:00:01",130.143086237293,49.9882773652824,114.088195800781
"2020-01-27 12:00:01",139.078222759684,55.0844937270911,119.958221435547
"2020-01-27 13:00:01",138.394355156,53.7414914794645,102.471542358398
"2020-01-27 14:00:01",132.225248701452,53.6860884883272,102.083686828613
"2020-01-27 15:00:01",127.421942386237,50.6886326109525,105.099868774414
"2020-01-27 16:00:01",120.924835978974,52.8790808750286,127.817405700684
"2020-01-27 17:00:01",104.301011342354,45.2448426987849,96.8553161621094
"2020-01-27 18:00:01",79.1773729145918,34.9022500326203,68.6767349243164
"2020-01-27 19:00:01",55.8421365310181,25.2200390869933,55.2982063293457
"2020-01-27 20:00:01",38.7773211641298,18.278909277139,42.1563949584961
"2020-01-27 21:00:01",26.0045239793345,12.3250223881714,33.3686714172363
"2020-01-27 22:00:01",15.8512598411443,7.10603254209607,19.5956535339355
"2020-01-27 23:00:01",8.74939481489934,3.87511274927645,9.56519317626953
"2020-01-28 00:00:01",4.74075919826253,2.07026811312319,4.18088865280151
"2020-01-28 01:00:01",2.83327514527482,0.956072671047515,2.68641829490662
"2020-01-28 02:00:01",2.1292598983101,0.614484425173695,2.20579791069031
"2020-01-28 03:00:01",2.34368665298128,0.687466915566479,2.22838425636292
"2020-01-28 04:00:01",4.01470051071826,1.40984682932734,4.46040534973145
"2020-01-28 05:00:01",9.42745588496686,4.21417866301856,9.37453460693359
"2020-01-28 06:00:01",24.1954087015136,10.4160099616602,26.3133296966553
"2020-01-28 07:00:01",52.915898162092,23.4810314711863,54.6716995239258
"2020-01-28 08:00:01",85.0608107651923,36.8810897801517,100.919250488281
"2020-01-28 09:00:01",105.774006948192,43.6544061479766,92.8320236206055
"2020-01-28 10:00:01",119.5003679542,47.8523569584062,99.6299667358398
"2020-01-28 11:00:01",134.595195556744,52.7675842620565,107.164497375488
"2020-01-28 12:00:01",147.272198086504,58.1415889707896,111.274574279785
"2020-01-28 13:00:01",150.325496929604,56.7253813590659,98.927619934082
"2020-01-28 14:00:01",147.399614786762,56.6669584205343,97.0922012329102
"2020-01-28 15:00:01",145.654364112234,53.5061149916821,97.9364776611328
"2020-01-28 16:00:01",141.448818821827,55.8159618368039,112.823257446289
"2020-01-28 17:00:01",124.47284679192,47.7655909353291,91.806266784668
"2020-01-28 18:00:01",96.0476017277237,36.8592365456282,63.0196990966797
"2020-01-28 19:00:01",68.5684879184558,26.6492604538203,51.6101875305176
"2020-01-28 20:00:01",47.9801774465904,19.3297783844118,41.6490249633789
"2020-01-28 21:00:01",32.2853091795216,13.0513526063468,34.2673492431641
"2020-01-28 22:00:01",19.6888109291299,7.54788218507034,20.8773250579834
"2020-01-28 23:00:01",10.8684592086586,4.14084901625301,10.4171676635742
"2020-01-29 00:00:01",5.90217597785484,2.20365460862585,4.42599058151245
"2020-01-29 01:00:01",3.53737324009045,1.0410534183068,2.68641829490662
"2020-01-29 02:00:01",2.6382541581312,0.684625016022123,2.35392594337463
"2020-01-29 03:00:01",2.81329995807145,0.760778199744567,2.37651181221008
"2020-01-29 04:00:01",4.60741328327989,1.51454160236304,4.46040534973145
"2020-01-29 05:00:01",10.4379290031055,4.44070644273005,9.34593868255615
"2020-01-29 06:00:01",26.1457293064425,10.9119736707906,26.2847347259521
"2020-01-29 07:00:01",56.1688366045539,24.5445994964915,53.286491394043
"2020-01-29 08:00:01",89.0287457557947,38.5268176532319,92.830436706543
"2020-01-29 09:00:01",109.505487502807,45.5943978768333,89.1703109741211
"2020-01-29 10:00:01",122.740565466952,49.9747268790899,95.7652969360352
"2020-01-29 11:00:01",137.550023649859,55.1034941474848,106.288543701172
"2020-01-29 12:00:01",150.14272335779,60.7109702106736,108.709289550781
"2020-01-29 13:00:01",153.226565597508,59.2332360601356,97.8466491699219
"2020-01-29 14:00:01",150.471350409649,59.1722749618275,95.4491729736328
"2020-01-29 15:00:01",149.078257504136,55.8741100313107,94.5791091918945
"2020-01-29 16:00:01",145.221180057227,58.284307192583,106.098098754883
"2020-01-29 17:00:01",128.171904346604,49.8841913429538,84.1830215454102
"2020-01-29 18:00:01",99.1306978952734,38.5040150142065,59.3727607727051
"2020-01-29 19:00:01",70.8549393202731,27.8504708430406,47.8157844543457
"2020-01-29 20:00:01",49.5683617573945,20.2129969806809,38.1888313293457
"2020-01-29 21:00:01",33.2924694187842,13.6618076585364,31.2516231536865
"2020-01-29 22:00:01",20.2340651414411,7.91924129985343,19.4071502685547
"2020-01-29 23:00:01",11.1162594367355,4.36419102057353,10.2548723220825
"2020-01-30 00:00:01",5.99986060623208,2.09448556593364,4.45026350021362
"2020-01-30 01:00:01",3.56744658856773,0.971501648537276,2.71069121360779
"2020-01-30 02:00:01",2.63404919016798,0.627219046040428,2.37819886207581
"2020-01-30 03:00:01",2.78044513856688,0.700777202776328,2.40078473091125
"2020-01-30 04:00:01",4.52232661135065,1.42885505587934,4.48467826843262
"2020-01-30 05:00:01",10.2057355147502,4.25530670821341,9.37021160125732
"2020-01-30 06:00:01",25.5063456677455,10.5060563915952,26.6893558502197
"2020-01-30 07:00:01",54.7615268984051,23.6741312926222,53.1386642456055
"2020-01-30 08:00:01",86.9287896116854,37.1798856736562,91.3566207885742
"2020-01-30 09:00:01",107.329037617107,44.0066281474317,88.5518417358398
"2020-01-30 10:00:01",121.015182049066,48.2376912698505,93.9185028076172
"2020-01-30 11:00:01",136.648853065878,53.1916885704172,102.939071655273
"2020-01-30 12:00:01",150.439220413235,58.6080819894003,101.672622680664
"2020-01-30 13:00:01",154.856924541306,57.1807037112256,92.3759994506836
"2020-01-30 14:00:01",153.234172096471,57.1218199481975,91.4924163818359
"2020-01-30 15:00:01",152.639267379493,53.9360446326961,89.5842361450195
"2020-01-30 16:00:01",148.980734572194,56.2641109312694,100.28833770752
"2020-01-30 17:00:01",131.128055433464,48.1502408596147,78.6865615844727
"2020-01-30 18:00:01",100.540887368123,37.15786006667,57.8612937927246
"2020-01-30 19:00:01",70.7406816186628,26.8673504171763,42.7396278381348
"2020-01-30 20:00:01",48.3223369675501,19.4901342329994,36.7509078979492
"2020-01-30 21:00:01",31.4031874714664,13.1621859134488,29.7911739349365
"2020-01-30 22:00:01",18.2708009536388,7.61530559104632,18.6710968017578
"2020-01-30 23:00:01",9.47141861391146,4.18139865682825,10.1197185516357
"2020-01-31 00:00:01",6.8398560791456,1.13899685674212,4.69202518463135
"2020-01-31 01:00:01",3.79760166739415,0.362758280635513,2.83132767677307
"2020-01-31 02:00:01",2.55852241908143,0.124780306952649,2.43579173088074
"2020-01-31 03:00:01",2.4357682223173,0.175625807018299,2.37347626686096
"2020-01-31 04:00:01",3.64603260312452,0.678894025941469,3.50128769874573
"2020-01-31 05:00:01",7.7228395142185,2.63261818178578,5.19055080413818
"2020-01-31 06:00:01",18.1234827058957,6.95331499557151,15.084246635437
"2020-01-31 07:00:01",36.4354044696517,16.0554646816837,27.454870223999
"2020-01-31 08:00:01",54.2730071033454,25.3910280745111,46.4189376831055
"2020-01-31 09:00:01",63.2951039709703,30.1098675656199,55.9418449401855
"2020-01-31 10:00:01",68.0762215707326,33.034499310283,59.5061988830566
"2020-01-31 11:00:01",74.2100363622221,36.4588438187454,68.6434936523438
"2020-01-31 12:00:01",79.8988880960621,40.2028097385179,68.5686950683594
"2020-01-31 13:00:01",81.5187765873498,39.2161650813222,62.8179397583008
"2020-01-31 14:00:01",81.0626620031396,39.1754629415492,56.3581809997559
"2020-01-31 15:00:01",82.2706801990668,36.9733640010462,51.8956413269043
"2020-01-31 16:00:01",82.8658145653414,38.5825899576175,53.6466636657715
"2020-01-31 17:00:01",76.1037319810172,32.9740510875882,46.2698097229004
"2020-01-31 18:00:01",61.4408952010314,25.3758033455189,38.1494941711426
"2020-01-31 19:00:01",45.8428240954399,18.2627089957315,35.5489463806152
"2020-01-31 20:00:01",33.3742688048071,13.1633663446694,33.4582862854004
"2020-01-31 21:00:01",23.167651367671,8.78930762739709,26.6615524291992
"2020-01-31 22:00:01",14.3814995677762,4.95514543095337,18.3880157470703
"2020-01-31 23:00:01",7.92117521814428,2.58153082453936,10.2802219390869
"2020-02-01 00:00:01",5.14947645412904,1.82831624310812,4.60067462921143
"2020-02-01 01:00:01",2.96772450668128,0.801924751970872,2.69599270820618
"2020-02-01 02:00:01",2.07509600559421,0.487255300097831,2.2653796672821
"2020-02-01 03:00:01",2.07035163177934,0.55448641980301,2.01493048667908
"2020-02-01 04:00:01",3.24592321732969,1.2199393276621,3.50800013542175
"2020-02-01 05:00:01",7.05965684366691,3.80327634712054,3.68354296684265
"2020-02-01 06:00:01",16.6678749604665,9.51637355970282,16.4130706787109
"2020-02-01 07:00:01",33.2330349117379,21.5518086391365,39.362621307373
"2020-02-01 08:00:01",48.5953221484883,33.8958780094464,60.8058166503906
"2020-02-01 09:00:01",55.2252368139194,40.1354245236244,63.0845718383789
"2020-02-01 10:00:01",57.6117127920409,44.0025566526256,67.6152038574219
"2020-02-01 11:00:01",60.8096556456261,48.5304404429898,73.3177871704102
"2020-02-01 12:00:01",63.4607073310062,53.4809477759757,74.3952484130859
"2020-02-01 13:00:01",62.9991995935867,52.1763441243496,69.0167922973633
"2020-02-01 14:00:01",61.3666314564515,52.1225251939074,68.2735061645508
"2020-02-01 15:00:01",61.5936893233867,49.2107714048709,64.5998153686523
"2020-02-01 16:00:01",62.0802401164692,51.3385912272591,68.1015777587891
"2020-02-01 17:00:01",57.8161359257433,43.9226282087966,59.7475662231445
"2020-02-01 18:00:01",48.0257632879433,33.8757469147372,49.2851524353027
"2020-02-01 19:00:01",37.4482751964563,24.4703659648531,41.9306602478027
"2020-02-01 20:00:01",28.9597843119943,17.7276942289349,38.1616477966309
"2020-02-01 21:00:01",21.7075845031674,11.9440385496964,30.2478294372559
"2020-02-01 22:00:01",14.7985395831814,6.87426802397922,18.5860633850098
"2020-02-01 23:00:01",9.13920803844924,3.73572542863178,10.2258358001709
"2020-02-02 00:00:01",3.52598266480123,2.84419808894802,3.65541362762451
"2020-02-02 01:00:01",2.28664884688918,1.44914468275383,2.17450094223022
"2020-02-02 02:00:01",1.87846541897862,1.02145145414537,2.0427188873291
"2020-02-02 03:00:01",2.25015979663884,1.11283081899478,2.15506458282471
"2020-02-02 04:00:01",4.06945858890989,2.0173028004821,5.43524169921875
"2020-02-02 05:00:01",9.78935516092163,5.52852940306225,12.183572769165
"2020-02-02 06:00:01",25.2789575636436,13.293671451834,30.3073997497559
"2020-02-02 07:00:01",54.9039841445316,29.6520248165812,77.0163269042969
"2020-02-02 08:00:01",86.6589035931996,46.4298685244119,128.798782348633
"2020-02-02 09:00:01",104.829606524831,54.9105512783837,123.66934967041
"2020-02-02 10:00:01",114.444795989506,60.1666897940963,129.659469604492
"2020-02-02 11:00:01",124.099838570283,66.3209104390863,149.484390258789
"2020-02-02 12:00:01",130.63914309306,73.049553629239,175.666763305664
"2020-02-02 13:00:01",128.566091623377,71.2763591087759,160.93879699707
"2020-02-02 14:00:01",122.1264141168,71.2032093575558,168.476760864258
"2020-02-02 15:00:01",117.745805777702,67.2456044120069,174.882202148438
"2020-02-02 16:00:01",112.559998024531,70.1376999882289,217.373382568359
"2020-02-02 17:00:01",98.4789512457735,60.0580524478416,153.357788085938
"2020-02-02 18:00:01",76.344197890142,46.4025066917321,106.921089172363
"2020-02-02 19:00:01",55.3345463929276,33.6188770104771,78.6538772583008
"2020-02-02 20:00:01",39.7113724252158,24.4543552336845,57.8908996582031
"2020-02-02 21:00:01",27.6560957990528,16.5933113481434,39.6372985839844
"2020-02-02 22:00:01",17.5876984143575,9.70256770734396,21.1663074493408
"2020-02-02 23:00:01",10.1899550600494,5.4367153732861,9.95963764190674
"2020-02-03 00:00:01",5.09341364712189,3.68883399553129,4.02967262268066
"2020-02-03 01:00:01",3.22239352168724,1.98726355478039,2.7460401058197
"2020-02-03 02:00:01",2.56440389842814,1.4655988269082,2.09986996650696
"2020-02-03 03:00:01",2.91959950978752,1.57705579725209,2.20857930183411
"2020-02-03 04:00:01",5.01459540547036,2.6802557044046,6.04544973373413
"2020-02-03 05:00:01",11.7128961369339,6.9629586971364,13.9932336807251
"2020-02-03 06:00:01",30.0080508018798,16.4342349362789,29.705171585083
"2020-02-03 07:00:01",65.5128099963524,36.3867976275864,69.4708557128906
"2020-02-03 08:00:01",104.702640458977,56.8510198473409,133.831512451172
"2020-02-03 09:00:01",128.758429498551,67.1950532925635,129.941345214844
"2020-02-03 10:00:01",143.113493274474,73.6060551159474,142.856384277344
"2020-02-03 11:00:01",157.898324042403,81.112463034725,166.798065185547
"2020-02-03 12:00:01",168.720305103931,89.3195039321471,204.48518371582
"2020-02-03 13:00:01",167.887401591461,87.1567083228,190.663314819336
"2020-02-03 14:00:01",160.408765013043,87.0674863232178,203.687240600586
"2020-02-03 15:00:01",154.585077323957,82.240328049839,205.922088623047
"2020-02-03 16:00:01",146.70957186122,85.7678663666344,236.953536987305
"2020-02-03 17:00:01",126.566423149619,73.4735482912421,179.365783691406
"2020-02-03 18:00:01",96.1276002539638,56.8176461531969,110.740936279297
"2020-02-03 19:00:01",67.8569615055008,41.2252349275428,74.8410415649414
"2020-02-03 20:00:01",47.183599627902,30.0471113591055,57.1133880615234
"2020-02-03 21:00:01",31.7104191445032,20.4588620134597,40.0587387084961
"2020-02-03 22:00:01",19.4111491658607,12.0541044307637,24.3201332092285
"2020-02-03 23:00:01",10.80858507962,6.85097155856549,11.4697179794312
"2020-02-04 00:00:01",5.95303290428487,3.94441644183065,4.78439903259277
"2020-02-04 01:00:01",3.6425792177217,2.15009553556695,2.63141560554504
"2020-02-04 02:00:01",2.7897884365798,1.59999551921477,2.29392600059509
"2020-02-04 03:00:01",3.04932404234627,1.71752786888852,2.40263509750366
"2020-02-04 04:00:01",5.0727474103423,2.88086181603817,6.35580778121948
"2020-02-04 05:00:01",11.6270372334523,7.39700956469419,14.5329027175903
"2020-02-04 06:00:01",29.5089329835076,17.384553164354,30.6907939910889
"2020-02-04 07:00:01",64.2836752146307,38.4247049636244,68.9576187133789
"2020-02-04 08:00:01",103.201735640331,60.0044062089795,132.796157836914
"2020-02-04 09:00:01",128.275569080455,70.9122799127935,142.162185668945
"2020-02-04 10:00:01",144.888250897413,77.6727373856655,166.162292480469
"2020-02-04 11:00:01",163.156053677076,85.5883101630478,201.625
"2020-02-04 12:00:01",178.495107046032,94.2427065419053,215.287979125977
"2020-02-04 13:00:01",182.182893677819,91.9620196629569,204.79264831543
"2020-02-04 14:00:01",178.63258883667,91.8679342843473,217.167221069336
"2020-02-04 15:00:01",176.511513477276,86.7776536821848,212.273742675781
"2020-02-04 16:00:01",171.412679094978,90.4974736778113,236.998306274414
"2020-02-04 17:00:01",150.858303558011,77.5330077805329,184.064651489258
"2020-02-04 18:00:01",116.449636482059,59.9692133567251,114.702133178711
"2020-02-04 19:00:01",83.1893475241917,43.5268793979232,75.7948150634766
"2020-02-04 20:00:01",58.2710031356103,31.7394503668953,58.0224990844727
"2020-02-04 21:00:01",39.2764789186472,21.6285576037551,41.5562019348145
"2020-02-04 22:00:01",24.0328930281259,12.7656672516786,25.3756370544434
"2020-02-04 23:00:01",13.3597242723236,7.2789181479899,12.4173250198364
"2020-02-05 00:00:01",7.35052285529304,4.15922451629899,5.3950252532959
"2020-02-05 01:00:01",4.48918242105587,2.28695009956802,2.88427424430847
"2020-02-05 02:00:01",3.40120245081275,1.71295122140519,2.3091299533844
"2020-02-05 03:00:01",3.61268789377424,1.83558971414318,2.41783905029297
"2020-02-05 04:00:01",5.78250455523767,3.04946421104036,6.2934422492981
"2020-02-05 05:00:01",12.834038766343,7.76181408249817,14.4149589538574
"2020-02-05 06:00:01",31.8304478755367,18.1832622762696,30.523344039917
"2020-02-05 07:00:01",68.1365951333416,40.1374945434161,69.6174392700195
"2020-02-05 08:00:01",107.868643368289,62.6547167534091,127.958686828613
"2020-02-05 09:00:01",132.62203251757,74.0364784022267,143.051651000977
"2020-02-05 10:00:01",148.616186754609,81.0906410816397,173.505981445312
"2020-02-05 11:00:01",166.511638386215,89.3501025598681,209.418655395508
"2020-02-05 12:00:01",181.724659988228,98.3804855174653,214.356658935547
"2020-02-05 13:00:01",185.440511007218,96.0007151647246,187.869567871094
"2020-02-05 14:00:01",182.097499541007,95.9025422867603,208.095062255859
"2020-02-05 15:00:01",180.401199984946,90.591116603572,203.442611694336
"2020-02-05 16:00:01",175.726942729361,94.4725426006406,226.448913574219
"2020-02-05 17:00:01",155.109843357256,80.9448409830972,177.571731567383
"2020-02-05 18:00:01",120.003757766405,62.6179949626203,119.24878692627
"2020-02-05 19:00:01",85.8274953957801,45.4613307812315,76.7246551513672
"2020-02-05 20:00:01",60.1009843967483,33.1618018971925,56.5380439758301
"2020-02-05 21:00:01",40.432048256955,22.6116456878686,38.4147720336914
"2020-02-05 22:00:01",24.6530350747103,13.363710824847,23.4288749694824
"2020-02-05 23:00:01",13.6366532679821,7.63859223429973,12.2249298095703
"2020-02-06 00:00:01",7.45531651608964,3.98341667485377,5.71064758300781
"2020-02-06 01:00:01",4.51671894470348,2.1749426457118,2.9336850643158
"2020-02-06 02:00:01",3.3889914360539,1.62050358772019,2.34333682060242
"2020-02-06 03:00:01",3.56544452058333,1.73896300109883,2.45204591751099
"2020-02-06 04:00:01",5.66849859538892,2.91147301494032,6.32764959335327
"2020-02-06 05:00:01",12.5304374142279,7.46324292783683,14.4325313568115
"2020-02-06 06:00:01",31.002688844885,17.5295655972408,30.5166244506836
"2020-02-06 07:00:01",66.3187527661561,38.7356764803923,65.8043518066406
"2020-02-06 08:00:01",105.144364292392,60.4855926311947,123.441879272461
"2020-02-06 09:00:01",129.759973068691,71.4795047221957,134.878921508789
"2020-02-06 10:00:01",146.267716428461,78.2932868734978,163.68896484375
"2020-02-06 11:00:01",165.122964099487,86.2712955695493,191.183074951172
"2020-02-06 12:00:01",181.750462886192,94.9939555098241,202.672164916992
"2020-02-06 13:00:01",187.065408125986,92.6952791834296,180.902557373047
"2020-02-06 14:00:01",185.09117416052,92.6004516845448,193.553192138672
"2020-02-06 15:00:01",184.357174818724,87.4700203119177,189.059280395508
"2020-02-06 16:00:01",179.927385829661,91.2191812516859,204.644409179688
"2020-02-06 17:00:01",158.376831181348,78.1524551186522,152.012405395508
"2020-02-06 18:00:01",121.470662155458,60.4501221871445,100.570846557617
"2020-02-06 19:00:01",85.5201438388723,43.878095500519,76.1746597290039
"2020-02-06 20:00:01",58.4779044027998,31.9976903853846,56.8774299621582
"2020-02-06 21:00:01",38.0714636795296,21.8070456073256,37.3720169067383
"2020-02-06 22:00:01",22.2343916017416,12.8742471491953,23.039306640625
"2020-02-06 23:00:01",11.6239803561504,7.34422003765666,12.2743797302246
"2020-02-07 00:00:01",8.45056526710889,2.44468002071044,5.93917512893677
"2020-02-07 01:00:01",4.78272377922154,1.19461108957058,3.03699564933777
"2020-02-07 02:00:01",3.28880393081649,0.811366968041995,2.56386828422546
"2020-02-07 03:00:01",3.1404565241654,0.893249499877931,2.40741205215454
"2020-02-07 04:00:01",4.59840312706614,1.70372192919395,5.17285108566284
"2020-02-07 05:00:01",9.50986171746671,4.8500353725276,8.17458534240723
"2020-02-07 06:00:01",22.0389654372873,11.8081652749079,17.1705265045166
"2020-02-07 07:00:01",44.095690742429,26.4664351411951,40.4387550354004
"2020-02-07 08:00:01",65.5766282503416,41.5005987492372,75.2129669189453
"2020-02-07 09:00:01",76.4359195197495,49.0999049682841,76.9687118530273
"2020-02-07 10:00:01",82.1856945493269,53.8097859141218,81.6494064331055
"2020-02-07 11:00:01",89.5630524413085,59.3244135187158,88.3954467773438
"2020-02-07 12:00:01",96.4030711755387,65.3537653438064,91.2787551879883
"2020-02-07 13:00:01",98.343026880754,63.7648545759055,84.481315612793
"2020-02-07 14:00:01",97.783494154492,63.6993070987158,81.5390853881836
"2020-02-07 15:00:01",99.2270012725962,60.1530063175487,79.2827911376953
"2020-02-07 16:00:01",99.9325166653277,62.7445335018627,88.4981384277344
"2020-02-07 17:00:01",91.784345228125,53.7124389805116,68.3199310302734
"2020-02-07 18:00:01",74.131363745388,41.4760805646426,54.0977821350098
"2020-02-07 19:00:01",55.3569826579722,30.0210221268944,46.0316886901855
"2020-02-07 20:00:01",40.3514089885828,21.8089465955521,40.1856117248535
"2020-02-07 21:00:01",28.0698734194146,14.7648816988179,36.4406623840332
"2020-02-07 22:00:01",17.4994531674254,8.59027612489063,23.1232604980469
"2020-02-07 23:00:01",9.72836334458778,4.76776334942353,13.0429086685181
"2020-02-08 00:00:01",6.39435691278064,1.82831624310815,5.8463397026062
"2020-02-08 01:00:01",3.7703946606005,0.801924751970885,3.10657238960266
"2020-02-08 02:00:01",2.69676365570137,0.487255300097835,2.43461966514587
"2020-02-08 03:00:01",2.69063419963049,0.554486419803005,2.26777410507202
"2020-02-08 04:00:01",4.10310583124875,1.21993932766208,3.93592810630798
"2020-02-08 05:00:01",8.68563764128472,3.80327634712049,3.50172996520996
"2020-02-08 06:00:01",20.2297502365239,9.51637355970273,17.0996398925781
"2020-02-08 07:00:01",40.1296058845202,21.5518086391364,43.0567398071289
"2020-02-08 08:00:01",58.5796727851584,33.8958780094465,68.3409271240234
"2020-02-08 09:00:01",66.5362000286562,40.1354245236247,75.8201370239258
"2020-02-08 10:00:01",69.3942761322085,44.0025566526261,85.6310501098633
"2020-02-08 11:00:01",73.2260830468884,48.5304404429901,97.2274322509766
"2020-02-08 12:00:01",76.4002295586316,53.4809477759761,99.0596237182617
"2020-02-08 13:00:01",75.8366401839763,52.1763441243497,87.661735534668
"2020-02-08 14:00:01",73.8673451063011,52.1225251939074,86.4945907592773
"2020-02-08 15:00:01",74.1305722294112,49.2107714048708,81.5672988891602
"2020-02-08 16:00:01",74.7051051032449,51.3385912272588,86.6047134399414
"2020-02-08 17:00:01",69.5787043592408,43.9226282087963,74.3315658569336
"2020-02-08 18:00:01",57.8229230912384,33.8757469147371,58.2258987426758
"2020-02-08 19:00:01",45.1257911578488,24.470365964853,45.1820640563965
"2020-02-08 20:00:01",34.9376818987914,17.7276942289348,41.7977027893066
"2020-02-08 21:00:01",26.2349393242072,11.9440385496964,35.4246368408203
"2020-02-08 22:00:01",17.9459416473537,6.87426802397925,22.091007232666
"2020-02-08 23:00:01",11.1575692386277,3.73572542863182,12.421727180481
"2020-02-09 00:00:01",4.42623694762344,2.84419808894805,4.8247971534729
"2020-02-09 01:00:01",2.93987107266867,1.44914468275385,2.58822083473206
"2020-02-09 02:00:01",2.45010446244736,1.02145145414538,2.24712300300598
"2020-02-09 03:00:01",2.8950958911234,1.11283081899477,2.35946822166443
"2020-02-09 04:00:01",5.07458927677306,2.01730280048208,5.65702247619629
"2020-02-09 05:00:01",11.9268413000521,5.52852940306218,14.7233304977417
"2020-02-09 06:00:01",30.4808419699989,13.2936714518339,33.750659942627
"2020-02-09 07:00:01",65.9610004572293,29.6520248165811,81.1151275634766
"2020-02-09 08:00:01",103.982247663984,46.4298685244121,129.451950073242
"2020-02-09 09:00:01",125.726477681262,54.9105512783841,124.435417175293
"2020-02-09 10:00:01",137.221176533887,60.1666897940969,132.278121948242
"2020-02-09 11:00:01",148.760302594303,66.3209104390868,152.280960083008
"2020-02-09 12:00:01",156.566698170454,73.0495536292394,195.566940307617
"2020-02-09 13:00:01",154.063602138352,71.2763591087761,172.885513305664
"2020-02-09 14:00:01",146.335892522554,71.2032093575558,192.832427978516
"2020-02-09 15:00:01",141.073839666103,67.2456044120067,200.007034301758
"2020-02-09 16:00:01",134.849931350924,70.1376999882287,255.071716308594
"2020-02-09 17:00:01",117.987995870763,60.0580524478412,181.086532592773
"2020-02-09 18:00:01",91.4990544762843,46.4025066917319,124.588523864746
"2020-02-09 19:00:01",66.3630364300458,33.618877010477,84.5927963256836
"2020-02-09 20:00:01",47.6742865869283,24.4543552336845,63.1800880432129
"2020-02-09 21:00:01",33.2560725427351,16.5933113481434,46.2215347290039
"2020-02-09 22:00:01",21.2168541610127,9.70256770734399,27.1309986114502
"2020-02-09 23:00:01",12.372770368929,5.43671537328615,12.6251068115234
"2020-02-10 00:00:01",6.28097441538985,3.68883399553133,5.32603645324707
"2020-02-10 01:00:01",4.04455721131328,1.98726355478042,2.79567050933838
"2020-02-10 02:00:01",3.25781177825271,1.4655988269082,2.20532250404358
"2020-02-10 03:00:01",3.68140431067678,1.57705579725208,2.31403160095215
"2020-02-10 04:00:01",6.18249752704594,2.68025570440457,6.50448560714722
"2020-02-10 05:00:01",14.1791649815431,6.96295869713631,17.7887382507324
"2020-02-10 06:00:01",36.0179078630384,16.4342349362787,40.2022361755371
"2020-02-10 07:00:01",78.3919421321525,36.3867976275863,89.2955169677734
"2020-02-10 08:00:01",125.150913436069,56.851019847341,149.156616210938
"2020-02-10 09:00:01",153.836478190256,67.1950532925639,142.878372192383
"2020-02-10 10:00:01",170.939317403198,73.6060551159481,150.662872314453
"2020-02-10 11:00:01",188.549405538136,81.1124630347255,172.237426757812
"2020-02-10 12:00:01",201.427345812277,89.3195039321476,201.482650756836
"2020-02-10 13:00:01",200.402384338376,87.1567083228,181.249481201172
"2020-02-10 14:00:01",191.453651701982,87.0674863232178,197.677047729492
"2020-02-10 15:00:01",184.480552340158,82.2403280498387,200.970718383789
"2020-02-10 16:00:01",175.063848639884,85.7678663666339,243.946502685547
"2020-02-10 17:00:01",151.029810514549,73.4735482912417,179.007385253906
"2020-02-10 18:00:01",114.735228134765,56.8176461531966,129.511169433594
"2020-02-10 19:00:01",81.0353470339876,41.2252349275427,92.7100143432617
"2020-02-10 20:00:01",56.3960986711701,30.0471113591054,70.1731033325195
"2020-02-10 21:00:01",37.958203661196,20.4588620134597,50.2697219848633
"2020-02-10 22:00:01",23.3057860025023,12.0541044307637,31.9335231781006
"2020-02-10 23:00:01",13.0594778603095,6.85097155856554,15.2162647247314
"2020-02-11 00:00:01",7.2770284409298,3.94441644183069,6.24390697479248
"2020-02-11 01:00:01",4.5257093564083,2.15009553556697,2.93902397155762
"2020-02-11 02:00:01",3.50995234290571,1.59999551921477,2.20332098007202
"2020-02-11 03:00:01",3.81800792083737,1.71752786888851,2.31203007698059
"2020-02-11 04:00:01",6.22433550667569,2.88086181603814,6.91607522964478
"2020-02-11 05:00:01",14.0190195891811,7.39700956469408,19.9136638641357
"2020-02-11 06:00:01",35.282257133694,17.3845531643538,45.5069961547852
"2020-02-11 07:00:01",76.6244885053246,38.4247049636242,92.8162231445312
"2020-02-11 08:00:01",122.878435071737,60.0044062089797,153.969009399414
"2020-02-11 09:00:01",152.660959783819,70.9122799127941,153.300552368164
"2020-02-11 10:00:01",172.377785439912,77.6727373856662,173.046875
"2020-02-11 11:00:01",194.054427822943,85.5883101630483,193.004135131836
"2020-02-11 12:00:01",212.244101724188,94.2427065419058,207.471557617188
"2020-02-11 13:00:01",216.587808544654,91.9620196629569,192.726547241211
"2020-02-11 14:00:01",212.333829684394,91.8679342843473,205.638275146484
"2020-02-11 15:00:01",209.778259486907,86.7776536821845,207.988876342773
"2020-02-11 16:00:01",203.688245370348,90.4974736778108,247.299789428711
"2020-02-11 17:00:01",179.254614950103,77.5330077805324,180.870895385742
"2020-02-11 18:00:01",138.387363010477,59.9692133567248,132.52116394043
"2020-02-11 19:00:01",98.8970070569747,43.526879397923,95.2912826538086
"2020-02-11 20:00:01",69.317099939944,31.7394503668952,72.1656112670898
"2020-02-11 21:00:01",46.7741801750945,21.6285576037552,52.5838508605957
"2020-02-11 22:00:01",28.6876346963348,12.7656672516786,32.0451889038086
"2020-02-11 23:00:01",16.0268063374019,7.27891814798996,16.035249710083
"2020-02-12 00:00:01",8.89972296387649,4.15922451629903,7.20030927658081
"2020-02-12 01:00:01",5.50637437784527,2.28695009956804,3.15230369567871
"2020-02-12 02:00:01",4.21584264560441,1.71295122140519,2.4617555141449
"2020-02-12 03:00:01",4.46548481426921,1.83558971414317,2.39020085334778
"2020-02-12 04:00:01",7.03500111296784,3.04946421104032,7.15522623062134
"2020-02-12 05:00:01",15.3857302039588,7.76181408249806,20.3820991516113
"2020-02-12 06:00:01",37.878931691573,18.1832622762695,46.8014259338379
"2020-02-12 07:00:01",80.8589081200876,40.1374945434159,94.5721130371094
"2020-02-12 08:00:01",127.878643708499,62.6547167534094,148.146240234375
"2020-02-12 09:00:01",157.152531240951,74.0364784022272,161.200347900391
"2020-02-12 10:00:01",176.050161028275,81.0906410816405,189.488082885742
"2020-02-12 11:00:01",197.190185824997,89.3501025598687,205.76725769043
"2020-02-12 12:00:01",215.149123803592,98.3804855174658,219.819061279297
"2020-02-12 13:00:01",219.503509028529,96.0007151647247,195.282257080078
"2020-02-12 14:00:01",215.509164095319,95.9025422867603,208.989700317383
"2020-02-12 15:00:01",213.463022053057,90.5911166035717,212.554458618164
"2020-02-12 16:00:01",207.897466851366,94.4725426006402,258.811004638672
"2020-02-12 17:00:01",183.492445914004,80.9448409830967,185.383010864258
"2020-02-12 18:00:01",141.976545100045,62.61799496262,139.772888183594
"2020-02-12 19:00:01",101.574782488134,45.4613307812313,97.5263214111328
"2020-02-12 20:00:01",71.1686661847468,33.1618018971924,77.4341201782227
"2020-02-12 21:00:01",47.9275835420543,22.6116456878686,54.9571228027344
"2020-02-12 22:00:01",29.288151016282,13.363710824847,31.4345016479492
"2020-02-12 23:00:01",16.2779490264233,7.63859223429979,16.1770610809326
"2020-02-13 00:00:01",8.979216005965,3.98341667485381,7.44293069839478
"2020-02-13 01:00:01",5.50973511200228,2.17494264571183,3.32871055603027
"2020-02-13 02:00:01",4.17800959795662,1.6205035877202,2.48675918579102
"2020-02-13 03:00:01",4.38513509451863,1.73896300109882,2.4152045249939
"2020-02-13 04:00:01",6.86424019095514,2.91147301494028,7.01949644088745
"2020-02-13 05:00:01",14.9534814500333,7.46324292783672,20.1000881195068
"2020-02-13 06:00:01",36.7263501983495,17.5295655972406,47.4783020019531
"2020-02-13 07:00:01",78.3430390038145,38.7356764803922,93.5992889404297
"2020-02-13 08:00:01",124.078860744757,60.4855926311949,146.770263671875
"2020-02-13 09:00:01",153.054988685692,71.4795047221962,166.637557983398
"2020-02-13 10:00:01",172.469139990366,78.2932868734985,195.964279174805
"2020-02-13 11:00:01",194.640081644444,86.2712955695498,207.124603271484
"2020-02-13 12:00:01",214.179009252324,94.9939555098245,214.912750244141
"2020-02-13 13:00:01",220.392730496682,92.6952791834296,188.027725219727
"2020-02-13 14:00:01",218.024649676339,92.6004516845448,206.390548706055
"2020-02-13 15:00:01",217.116825111027,87.4700203119174,207.147979736328
"2020-02-13 16:00:01",211.861142297048,91.2191812516854,243.873596191406
"2020-02-13 17:00:01",186.468950862716,78.1524551186518,183.240982055664
"2020-02-13 18:00:01",143.028380058188,60.4501221871441,138.404067993164
"2020-02-13 19:00:01",100.729019904964,43.8780955005188,97.6399917602539
"2020-02-13 20:00:01",68.9189138229631,31.9976903853845,79.3950424194336
"2020-02-13 21:00:01",44.9208430367963,21.8070456073256,54.9405250549316
"2020-02-13 22:00:01",26.3018706361466,12.8742471491954,31.452241897583
"2020-02-13 23:00:01",13.8309205943229,7.34422003765672,16.3829345703125
"2020-02-14 00:00:01",10.1004365291573,2.44468002071047,7.6884822845459
"2020-02-14 01:00:01",5.79086295626564,1.19461108957059,3.58467531204224
"2020-02-14 02:00:01",4.03545513356049,0.811366968041999,2.55800986289978
"2020-02-14 03:00:01",3.8602718636071,0.893249499877924,2.40155339241028
"2020-02-14 04:00:01",5.57031320462001,1.70372192919393,5.77466344833374
"2020-02-14 05:00:01",11.3318506049037,4.85003537252753,10.3940095901489
"2020-02-14 06:00:01",26.0273428963958,11.8081652749078,22.131160736084
"2020-02-14 07:00:01",51.8913102371486,26.466435141195,54.1095695495605
"2020-02-14 08:00:01",77.0692058679136,41.5005987492373,93.5366058349609
"2020-02-14 09:00:01",89.7839108492081,49.0999049682845,97.4352951049805
"2020-02-14 10:00:01",96.5041989176285,53.8097859141224,108.330848693848
"2020-02-14 11:00:01",105.128920989453,59.3244135187162,123.410957336426
"2020-02-14 12:00:01",113.120365798418,65.3537653438067,130.972900390625
"2020-02-14 13:00:01",115.368512712199,63.7648545759056,128.814590454102
"2020-02-14 14:00:01",114.688410525816,63.6993070987157,122.123260498047
"2020-02-14 15:00:01",116.353856756329,60.1530063175485,120.891021728516
"2020-02-14 16:00:01",117.15461189629,62.7445335018624,130.521667480469
"2020-02-14 17:00:01",107.592796009478,53.7124389805113,91.7392425537109
"2020-02-14 18:00:01",86.913202250014,41.4760805646424,73.014045715332
"2020-02-14 19:00:01",64.9305757574632,30.0210221268942,61.7003364562988
"2020-02-14 20:00:01",47.3654846751648,21.8089465955521,54.5510635375977
"2020-02-14 21:00:01",32.993372987695,14.764881698818,44.398323059082
"2020-02-14 22:00:01",20.6279664555993,8.59027612489067,30.1097660064697
"2020-02-14 23:00:01",11.5399480917497,4.76776334942358,16.4209251403809
"2020-02-15 00:00:01",7.64107820764723,1.82831624310817,7.29673719406128
"2020-02-15 01:00:01",4.57348569982956,0.801924751970898,3.2942099571228
"2020-02-15 02:00:01",3.31816382968626,0.487255300097838,2.14893555641174
"2020-02-15 03:00:01",3.31005760615932,0.554486419803,1.98209047317505
"2020-02-15 04:00:01",4.95828245305302,1.21993932766206,4.22248268127441
"2020-02-15 05:00:01",10.3062599129576,3.80327634712042,4.56538486480713
"2020-02-15 06:00:01",23.7764833996154,9.51637355970264,19.3151187896729
"2020-02-15 07:00:01",46.9902663417522,21.5518086391363,50.6383514404297
"2020-02-15 08:00:01",68.5024887941396,33.8958780094466,83.0208969116211
"2020-02-15 09:00:01",77.7666353322519,40.135424523625,92.6118392944336
"2020-02-15 10:00:01",81.0816828065026,44.0025566526265,110.056793212891
"2020-02-15 11:00:01",85.5303539351809,48.5304404429905,122.849235534668
"2020-02-15 12:00:01",89.2104856549001,53.4809477759763,124.790588378906
"2020-02-15 13:00:01",88.5335443098024,52.1763441243497,112.544082641602
"2020-02-15 14:00:01",86.2192375981974,52.1225251939073,113.356262207031
"2020-02-15 15:00:01",86.5061945334697,49.2107714048706,113.842704772949
"2020-02-15 16:00:01",87.155481384397,51.3385912272586,119.577270507812
"2020-02-15 17:00:01",81.1674286564372,43.9226282087961,101.277648925781
"2020-02-15 18:00:01",67.4658942162905,33.8757469147369,81.9005126953125
"2020-02-15 19:00:01",52.6751154397409,24.4703659648529,65.3132400512695
"2020-02-15 20:00:01",40.8100324404303,17.7276942289348,55.3593444824219
"2020-02-15 21:00:01",30.6780144040258,11.9440385496965,40.6197814941406
"2020-02-15 22:00:01",21.0317320882261,6.87426802397927,25.6462669372559
"2020-02-15 23:00:01",13.13448262879,3.73572542863185,13.7111644744873
"2020-02-16 00:00:01",5.30713969386437,2.84419808894808,4.99885034561157
"2020-02-16 01:00:01",3.57842443593455,1.44914468275387,2.31811666488647
"2020-02-16 02:00:01",3.00835745981608,1.02145145414538,1.97701871395111
"2020-02-16 03:00:01",3.52430971845365,1.11283081899476,1.8959869146347
"2020-02-16 04:00:01",6.05425059244333,2.01730280048205,6.01037073135376
"2020-02-16 05:00:01",14.0081094627857,5.5285294030621,18.7177810668945
"2020-02-16 06:00:01",35.5409080903462,13.2936714518338,45.6283988952637
"2020-02-16 07:00:01",76.7059321177031,29.6520248165809,100.568916320801
"2020-02-16 08:00:01",120.79996704604,46.4298685244122,148.173568725586
"2020-02-16 09:00:01",145.993304052866,54.9105512783845,163.171295166016
"2020-02-16 10:00:01",159.288911045349,60.1666897940974,200.078735351562
"2020-02-16 11:00:01",172.62974576009,66.3209104390872,228.340026855469
"2020-02-16 12:00:01",181.637605736595,73.0495536292398,252.309219360352
"2020-02-16 13:00:01",178.694098161727,71.2763591087761,239.201629638672
"2020-02-16 14:00:01",169.698813454508,71.2032093575557,236.400299072266
"2020-02-16 15:00:01",163.563640542121,67.2456044120064,239.161560058594
"2020-02-16 16:00:01",156.317430016575,70.1376999882282,290.307556152344
"2020-02-16 17:00:01",136.758386651538,60.0580524478409,230.715484619141
"2020-02-16 18:00:01",106.065487383131,46.4025066917316,153.201202392578
"2020-02-16 19:00:01",76.9526701280529,33.6188770104768,109.323020935059
"2020-02-16 20:00:01",55.3126417271664,24.4543552336844,84.4347915649414
"2020-02-16 21:00:01",38.6223904012497,16.5933113481435,54.5410194396973
"2020-02-16 22:00:01",24.6910761066191,9.70256770734403,32.9775390625
"2020-02-16 23:00:01",14.4602879911589,5.43671537328619,15.5414447784424
"2020-02-17 00:00:01",7.41554006320509,3.68883399553136,6.54347133636475
"2020-02-17 01:00:01",4.82923639046913,1.98726355478044,3.14599251747131
"2020-02-17 02:00:01",3.91893448889698,1.46559882690821,2.49216341972351
"2020-02-17 03:00:01",4.4070020017667,1.57705579725208,2.42060780525208
"2020-02-17 04:00:01",7.29376072542798,2.68025570440453,6.90662622451782
"2020-02-17 05:00:01",16.5234402830009,6.96295869713622,21.3749809265137
"2020-02-17 06:00:01",41.7246659053407,16.4342349362786,54.1130180358887
"2020-02-17 07:00:01",90.6090510569814,36.3867976275861,109.617332458496
"2020-02-17 08:00:01",144.528264992105,56.8510198473412,165.98274230957
"2020-02-17 09:00:01",177.576814566587,67.1950532925645,190.709426879883
"2020-02-17 10:00:01",197.25386503341,73.6060551159486,214.912261962891
"2020-02-17 11:00:01",217.506022580871,81.1124630347261,226.5830078125
"2020-02-17 12:00:01",232.294516085963,89.3195039321481,241.093688964844
"2020-02-17 13:00:01",231.056729135179,87.1567083228002,230.794982910156
"2020-02-17 14:00:01",220.691871633863,87.0674863232177,236.481475830078
"2020-02-17 15:00:01",212.607204408895,82.2403280498385,238.689514160156
"2020-02-17 16:00:01",201.712932376663,85.7678663666334,292.514221191406
"2020-02-17 17:00:01",173.998214247651,73.4735482912413,213.69514465332
"2020-02-17 18:00:01",132.187627220405,56.8176461531963,150.158508300781
"2020-02-17 19:00:01",93.382749921405,41.2252349275425,116.546714782715
"2020-02-17 20:00:01",65.0187244364273,30.0471113591053,92.4394073486328
"2020-02-17 21:00:01",43.7998623252764,20.4588620134598,60.8203811645508
"2020-02-17 22:00:01",26.943466351938,12.0541044307638,35.061840057373
"2020-02-17 23:00:01",15.1596707556966,6.8509715585656,18.0444107055664
"2020-02-18 00:00:01",8.5110907358316,3.94441644183073,8.87823009490967
"2020-02-18 01:00:01",5.34799143938847,2.15009553556699,3.38025546073914
"2020-02-18 02:00:01",4.17979438585225,1.59999551921478,2.24273324012756
"2020-02-18 03:00:01",4.53222975694539,1.71752786888851,2.17117857933044
"2020-02-18 04:00:01",7.29320869921772,2.8808618160381,6.6234769821167
"2020-02-18 05:00:01",16.2368586183872,7.39700956469398,22.5219459533691
"2020-02-18 06:00:01",40.6296290063999,17.3845531643537,60.0042991638184
"2020-02-18 07:00:01",88.0427499515535,38.424704963624,126.713562011719
"2020-02-18 08:00:01",141.064953526516,60.0044062089799,166.166152954102
"2020-02-18 09:00:01",175.175729311833,70.9122799127945,198.872634887695
"2020-02-18 10:00:01",197.731698671025,77.6727373856669,215.469802856445
"2020-02-18 11:00:01",222.522130369119,85.5883101630489,221.041549682617
"2020-02-18 12:00:01",243.305153713749,94.2427065419064,234.254165649414
"2020-02-18 13:00:01",248.218864026019,91.9620196629571,225.2958984375
"2020-02-18 14:00:01",243.284945473171,91.8679342843472,235.171600341797
"2020-02-18 15:00:01",240.29775191332,86.7776536821843,237.050582885742
"2020-02-18 16:00:01",233.266787309229,90.4974736778104,290.940612792969
"2020-02-18 17:00:01",205.250228201609,77.533007780532,214.104049682617
"2020-02-18 18:00:01",158.448906259641,59.9692133567245,147.183731079102
"2020-02-18 19:00:01",113.245890795623,43.5268793979228,117.510185241699
"2020-02-18 20:00:01",79.3968260652287,31.7394503668951,94.6753921508789
"2020-02-18 21:00:01",53.6085834115773,21.6285576037552,59.9475593566895
"2020-02-18 22:00:01",32.9260153398552,12.7656672516787,36.0735816955566
"2020-02-18 23:00:01",18.4527012630723,7.27891814799002,19.711030960083
"2020-02-19 00:00:01",10.3073048899285,4.15922451629908,9.30308628082275
"2020-02-19 01:00:01",6.42958109749813,2.28695009956807,3.52474904060364
"2020-02-19 02:00:01",4.95441163521569,1.7129512214052,2.24273324012756
"2020-02-19 03:00:01",5.23780852584607,1.83558971414316,2.17117857933044
"2020-02-19 04:00:01",8.16807468613197,3.04946421104029,6.78741550445557
"2020-02-19 05:00:01",17.6916110484623,7.76181408249795,23.5669231414795
"2020-02-19 06:00:01",43.3387937755149,18.1832622762693,61.4710540771484
"2020-02-19 07:00:01",92.3305868539703,40.1374945434157,134.396667480469
"2020-02-19 08:00:01",145.901891394502,62.6547167534096,166.749267578125
"2020-02-19 09:00:01",179.223260788855,74.0364784022277,194.676574707031
"2020-02-19 10:00:01",200.706165112681,81.0906410816412,213.175933837891
"2020-02-19 11:00:01",224.731947172704,89.3501025598692,226.023529052734
"2020-02-19 12:00:01",245.123048552294,98.3804855174663,240.737564086914
"2020-02-19 13:00:01",250.016414940377,96.0007151647249,230.616058349609
"2020-02-19 14:00:01",245.405615282218,95.9025422867602,238.766021728516
"2020-02-19 15:00:01",243.013766303069,90.5911166035714,239.768753051758
"2020-02-19 16:00:01",236.619764055161,94.4725426006397,293.182037353516
"2020-02-19 17:00:01",208.804764535585,80.9448409830963,215.322265625
"2020-02-19 18:00:01",161.550691010618,62.6179949626197,145.725997924805
"2020-02-19 19:00:01",115.587444487959,45.4613307812311,117.808387756348
"2020-02-19 20:00:01",81.0062415145278,33.1618018971923,96.6426620483398
"2020-02-19 21:00:01",54.5826107639159,22.6116456878687,61.525260925293
"2020-02-19 22:00:01",33.3989177167419,13.3637108248471,36.9050788879395
"2020-02-19 23:00:01",18.61782895384,7.63859223429986,19.7241096496582
"2020-02-20 00:00:01",10.3277019823259,3.98341667485385,9.37375831604004
"2020-02-20 01:00:01",6.38746171742471,2.17494264571185,3.50979328155518
"2020-02-20 02:00:01",4.87463937415129,1.62050358772021,2.25059103965759
"2020-02-20 03:00:01",5.10803192266351,1.73896300109881,2.17903637886047
"2020-02-20 04:00:01",7.91759410126491,2.91147301494025,6.79527282714844
"2020-02-20 05:00:01",17.0855841848017,7.46324292783662,23.5217475891113
"2020-02-20 06:00:01",41.7570666803266,17.5295655972405,61.669490814209
"2020-02-20 07:00:01",88.8996265371949,38.735676480392,135.682098388672
"2020-02-20 08:00:01",140.683352339174,60.4855926311951,165.836471557617
"2020-02-20 09:00:01",173.460225628184,71.4795047221968,193.245697021484
"2020-02-20 10:00:01",195.394152019148,78.2932868734992,214.707550048828
"2020-02-20 11:00:01",220.436767164731,86.2712955695505,225.462936401367
"2020-02-20 12:00:01",242.487841528495,94.9939555098251,235.677291870117
"2020-02-20 13:00:01",249.452932677232,92.6952791834298,225.2958984375
"2020-02-20 14:00:01",246.708584856601,92.6004516845447,237.356872558594
"2020-02-20 15:00:01",245.616677016303,87.4700203119171,237.050582885742
"2020-02-20 16:00:01",239.61061602206,91.2191812516849,289.389129638672
"2020-02-20 17:00:01",210.85210376788,78.1524551186513,213.538208007812
"2020-02-20 18:00:01",161.718322241323,60.4501221871438,147.777755737305
"2020-02-20 19:00:01",113.899491424875,43.8780955005187,117.651542663574
"2020-02-20 20:00:01",77.9501026872957,31.9976903853845,97.5910720825195
"2020-02-20 21:00:01",50.8385178165986,21.8070456073257,64.6905746459961
"2020-02-20 22:00:01",29.8119895652827,12.8742471491954,38.7464637756348
"2020-02-20 23:00:01",15.7332376958917,7.34422003765678,19.9066562652588
"2020-02-21 00:00:01",11.5209240423618,2.4446800207105,9.6085729598999
"2020-02-21 01:00:01",6.65782895882878,1.19461108957061,3.5906286239624
"2020-02-21 02:00:01",4.67680165433785,0.811366968042004,2.26838445663452
"2020-02-21 03:00:01",4.47784536507326,0.893249499877918,2.11192798614502
"2020-02-21 04:00:01",6.40319889896277,1.7037219291939,5.38650226593018
"2020-02-21 05:00:01",12.8913886691969,4.85003537252746,10.1522521972656
"2020-02-21 06:00:01",29.4372034561113,11.8081652749077,24.0982208251953
"2020-02-21 07:00:01",58.5483366560193,26.4664351411949,57.9207191467285
"2020-02-21 08:00:01",86.8716762891517,41.5005987492374,98.5926818847656
"2020-02-21 09:00:01",101.155512070354,49.0999049682848,101.775703430176
"2020-02-21 10:00:01",108.688205706748,53.8097859141228,117.080596923828
"2020-02-21 11:00:01",118.358674761152,59.3244135187167,131.756301879883
"2020-02-21 12:00:01",127.311904271018,65.3537653438071,153.372924804688
"2020-02-21 13:00:01",129.804524406353,63.7648545759057,147.869476318359
"2020-02-21 14:00:01",129.005149716186,63.6993070987156,144.080505371094
"2020-02-21 15:00:01",130.841282989571,60.1530063175483,137.030334472656
"2020-02-21 16:00:01",131.705223472208,62.744533501862,144.197463989258
"2020-02-21 17:00:01",120.933088896708,53.7124389805111,105.194671630859
"2020-02-21 18:00:01",97.6865158829689,41.4760805646422,81.4026260375977
"2020-02-21 19:00:01",72.9901109192945,30.0210221268941,64.3479080200195
"2020-02-21 20:00:01",53.2631979383248,21.808946595552,53.7468566894531
"2020-02-21 21:00:01",37.1282672487804,14.764881698818,45.7283325195312
"2020-02-21 22:00:01",23.2522147459071,8.5902761248907,33.6756362915039
"2020-02-21 23:00:01",13.0577011024164,4.76776334942362,19.0993576049805
"2020-02-22 00:00:01",8.68432357207234,1.82831624310819,9.45086860656738
"2020-02-22 01:00:01",5.24469136083144,0.801924751970911,3.61862349510193
"2020-02-22 02:00:01",3.83688628385405,0.487255300097842,2.1549551486969
"2020-02-22 03:00:01",3.82650160466525,0.554486419802994,1.69346725940704
"2020-02-22 04:00:01",5.67041770147736,1.21993932766204,4.4744873046875
"2020-02-22 05:00:01",11.6541627772229,3.80327634712037,4.91006994247437
"2020-02-22 06:00:01",26.7227668510531,9.51637355970255,20.3326511383057
"2020-02-22 07:00:01",52.6824674717043,21.5518086391362,54.8992652893066
"2020-02-22 08:00:01",76.7252301358174,33.8958780094467,92.7367248535156
"2020-02-22 09:00:01",87.0615356179711,40.1354245236253,103.394142150879
"2020-02-22 10:00:01",90.7428995653769,44.0025566526269,115.02465057373
"2020-02-22 11:00:01",95.6889606255716,48.5304404429908,128.684432983398
"2020-02-22 12:00:01",99.7737884571654,53.4809477759766,132.978561401367
"2020-02-22 13:00:01",98.9904326630442,52.1763441243498,127.194114685059
"2020-02-22 14:00:01",96.3793825081292,52.1225251939072,121.139533996582
"2020-02-22 15:00:01",96.6732282620339,49.2107714048705,116.774887084961
"2020-02-22 16:00:01",97.3712149985414,51.3385912272583,122.091087341309
"2020-02-22 17:00:01",90.6643233050872,43.9226282087959,106.678741455078
"2020-02-22 18:00:01",75.3583980267314,33.8757469147367,87.4993286132812
"2020-02-22 19:00:01",58.8463065048935,24.4703659648528,68.8641510009766
"2020-02-22 20:00:01",45.6043731181062,17.7276942289348,57.5818786621094
"2020-02-22 21:00:01",34.3009081953948,11.9440385496965,43.3356590270996
"2020-02-22 22:00:01",23.5447317587747,6.8742680239793,29.1621704101562
"2020-02-22 23:00:01",14.7424110551209,3.73572542863189,16.3562526702881
"2020-02-23 00:00:01",6.02272120871856,2.84419808894812,5.67434024810791
"2020-02-23 01:00:01",4.09648368541114,1.44914468275389,2.54738259315491
"2020-02-23 02:00:01",3.46069578676002,1.02145145414539,1.68204653263092
"2020-02-23 03:00:01",4.03349948636307,1.11283081899476,1.58730733394623
"2020-02-23 04:00:01",6.84603227197341,2.01730280048202,6.40505361557007
"2020-02-23 05:00:01",15.688091345912,5.52852940306202,20.5790233612061
"2020-02-23 06:00:01",39.6201438036201,13.2936714518336,60.9860763549805
"2020-02-23 07:00:01",85.3570314373973,29.6520248165808,132.482635498047
"2020-02-23 08:00:01",134.323144513396,46.4298685244123,158.249893188477
"2020-02-23 09:00:01",162.269029967907,54.910551278385,188.293090820312
"2020-02-23 10:00:01",176.988138528297,60.166689794098,228.249908447266
"2020-02-23 11:00:01",191.749387408399,66.3209104390877,248.095092773438
"2020-02-23 12:00:01",201.693746588632,73.0495536292402,281.249572753906
"2020-02-23 13:00:01",198.372475235677,71.2763591087762,260.953796386719
"2020-02-23 14:00:01",188.340320073936,71.2032093575556,259.573364257812
"2020-02-23 15:00:01",181.485215399407,67.2456044120062,275.003479003906
"2020-02-23 16:00:01",173.402140755139,70.1376999882279,317.419830322266
"2020-02-23 17:00:01",151.677192255486,60.0580524478405,278.51513671875
"2020-02-23 18:00:01",117.627872576008,46.4025066917314,184.255920410156
"2020-02-23 19:00:01",85.3474160877982,33.6188770104767,126.818145751953
"2020-02-23 20:00:01",61.3598897477593,24.4543552336844,96.7728042602539
"2020-02-23 21:00:01",42.865307543734,16.5933113481435,61.7479591369629
"2020-02-23 22:00:01",27.4343858360193,9.70256770734407,37.9606018066406
"2020-02-23 23:00:01",16.1064609386012,5.43671537328624,19.6085529327393
"2020-02-24 00:00:01",8.30905508569526,3.6888339955314,8.84425830841064
"2020-02-24 01:00:01",5.44638558159294,1.98726355478046,3.43004894256592
"2020-02-24 02:00:01",4.43821831938845,1.46559882690821,2.19393658638
"2020-02-24 03:00:01",4.97617223742667,1.57705579725207,2.21163582801819
"2020-02-24 04:00:01",8.16429456397038,2.6802557044045,6.81522083282471
"2020-02-24 05:00:01",18.3574373594533,6.96295869713612,23.5576095581055
"2020-02-24 06:00:01",46.1832775742271,16.4342349362784,65.9833297729492
"2020-02-24 07:00:01",100.141349930025,36.3867976275859,145.825225830078
"2020-02-24 08:00:01",159.627032141635,56.8510198473414,177.069717407227
"2020-02-24 09:00:01",196.050376634254,67.195053292565,193.787078857422
"2020-02-24 10:00:01",217.703013502965,73.6060551159493,215.554382324219
"2020-02-24 11:00:01",239.978011739825,81.1124630347267,235.241683959961
"2020-02-24 12:00:01",256.216858991602,89.3195039321485,270.786956787109
"2020-02-24 13:00:01",254.781987476451,87.1567083228001,266.577209472656
"2020-02-24 14:00:01",243.290426723956,87.0674863232175,273.046142578125
"2020-02-24 15:00:01",234.317084392288,82.2403280498381,277.029357910156
"2020-02-24 16:00:01",222.254335327514,85.7678663666329,317.652526855469
"2020-02-24 17:00:01",191.678361076813,73.4735482912409,271.836090087891
"2020-02-24 18:00:01",145.603415968445,56.817646153196,182.069839477539
"2020-02-24 19:00:01",102.861291036076,41.2252349275423,135.694931030273
"2020-02-24 20:00:01",71.6288391411071,30.0471113591053,109.310432434082
"2020-02-24 21:00:01",48.2719260532959,20.4588620134598,69.1426849365234
"2020-02-24 22:00:01",29.7244437036176,12.0541044307638,43.2714920043945
"2020-02-24 23:00:01",16.7630341728421,6.85097155856566,22.1511516571045
"2020-02-25 00:00:01",9.45191494859005,3.94441644183077,10.2824268341064
"2020-02-25 01:00:01",5.97401343128536,2.15009553556702,3.54394721984863
"2020-02-25 02:00:01",4.68905168458936,1.59999551921479,2.29886150360107
"2020-02-25 03:00:01",5.07447132760733,1.7175278688885,2.31656241416931
"2020-02-25 04:00:01",8.10357135641556,2.88086181603807,6.89286231994629
"2020-02-25 05:00:01",17.9159545983135,7.39700956469388,24.3137359619141
"2020-02-25 06:00:01",44.6723787818399,17.3845531643535,70.0714950561523
"2020-02-25 07:00:01",96.6631244560881,38.4247049636239,153.696868896484
"2020-02-25 08:00:01",154.775794390034,60.00440620898,185.384552001953
"2020-02-25 09:00:01",192.125705325694,70.9122799127952,197.566741943359
"2020-02-25 10:00:01",216.792112373198,77.6727373856676,215.104904174805
"2020-02-25 11:00:01",243.893096531977,85.5883101630493,233.966079711914
"2020-02-25 12:00:01",266.589871508346,94.2427065419067,258.808624267578
"2020-02-25 13:00:01",271.897148947831,91.9620196629572,265.091186523438
"2020-02-25 14:00:01",266.421211001367,91.8679342843471,277.050659179688
"2020-02-25 15:00:01",263.0787785833,86.7776536821839,281.545318603516
"2020-02-25 16:00:01",255.313833934222,90.4974736778098,320.733856201172
"2020-02-25 17:00:01",224.59884964852,77.5330077805315,268.168334960938
"2020-02-25 18:00:01",173.35930379088,59.9692133567241,181.482711791992
"2020-02-25 19:00:01",123.895079873791,43.5268793979227,137.241668701172
"2020-02-25 20:00:01",86.8668036168016,31.7394503668951,111.236862182617
"2020-02-25 21:00:01",58.6661534418058,21.6285576037553,69.8248443603516
"2020-02-25 22:00:01",36.0579348711113,12.7656672516787,44.3795509338379
"2020-02-25 23:00:01",20.2426909859766,7.27891814799008,22.8826026916504
"2020-02-26 00:00:01",11.3444003213873,4.15922451629912,10.5247964859009
"2020-02-26 01:00:01",7.10879888438447,2.28695009956809,3.18046855926514
"2020-02-26 02:00:01",5.49699287588745,1.71295122140521,1.95069980621338
"2020-02-26 03:00:01",5.80435460112302,1.83558971414315,1.8497029542923
"2020-02-26 04:00:01",8.99802994264336,3.04946421104025,6.52053356170654
"2020-02-26 05:00:01",19.3781355936844,7.76181408249785,25.9060039520264
"2020-02-26 06:00:01",47.3262436508629,18.1832622762691,72.2169494628906
"2020-02-26 07:00:01",100.696181468045,40.1374945434155,178.039962768555
"2020-02-26 08:00:01",159.025633052393,62.6547167534097,204.84831237793
"2020-02-26 09:00:01",195.270288074168,74.0364784022283,204.754135131836
"2020-02-26 10:00:01",218.606137675124,81.0906410816418,222.270126342773
"2020-02-26 11:00:01",244.697053763825,89.3501025598697,243.01301574707
"2020-02-26 12:00:01",266.81867812034,98.3804855174668,268.957092285156
"2020-02-26 13:00:01",272.068994564477,96.0007151647248,272.678833007812
"2020-02-26 14:00:01",266.980133488117,95.9025422867601,281.257019042969
"2020-02-26 15:00:01",264.306625007789,90.5911166035711,287.940582275391
"2020-02-26 16:00:01",257.284375209446,94.4725426006391,320.466613769531
"2020-02-26 17:00:01",226.988409230279,80.9448409830958,264.342468261719
"2020-02-26 18:00:01",175.59082291182,62.6179949626193,180.625793457031
"2020-02-26 19:00:01",125.623123860773,45.461330781231,136.970428466797
"2020-02-26 20:00:01",88.0410189779233,33.1618018971923,113.384117126465
"2020-02-26 21:00:01",59.3342852042628,22.6116456878688,73.259407043457
"2020-02-26 22:00:01",36.3294910717821,13.3637108248471,46.8053894042969
"2020-02-26 23:00:01",20.283367282951,7.63859223429992,24.3277950286865
"2020-02-27 00:00:01",11.2860806630686,3.98341667485389,11.7076606750488
"2020-02-27 01:00:01",7.01030383118878,2.17494264571187,3.98110437393188
"2020-02-27 02:00:01",5.3682074651973,1.62050358772021,2.23468780517578
"2020-02-27 03:00:01",5.61941461032854,1.7389630010988,2.25238704681396
"2020-02-27 04:00:01",8.66158391759983,2.91147301494022,7.05039310455322
"2020-02-27 05:00:01",18.5891487747369,7.46324292783652,26.34912109375
"2020-02-27 06:00:01",45.2991875946272,17.5295655972403,72.9498977661133
"2020-02-27 07:00:01",96.3208405418755,38.7356764803918,187.970977783203
"2020-02-27 08:00:01",152.337838246415,60.4855926311953,214.828430175781
"2020-02-27 09:00:01",187.759815425103,71.4795047221973,210.593383789062
"2020-02-27 10:00:01",211.434144488451,78.2932868734999,226.348342895508
"2020-02-27 11:00:01",238.457373042329,86.2712955695509,245.284378051758
"2020-02-27 12:00:01",262.231905760008,94.9939555098256,268.19091796875
"2020-02-27 13:00:01",269.688741617109,92.6952791834298,275.296661376953
"2020-02-27 14:00:01",266.650470288388,92.6004516845445,286.709442138672
"2020-02-27 15:00:01",265.398842410208,87.4700203119167,286.387939453125
"2020-02-27 16:00:01",258.840997554203,91.2191812516843,318.190399169922
"2020-02-27 17:00:01",227.722415516211,78.1524551186508,258.510681152344
"2020-02-27 18:00:01",174.628715162682,60.4501221871435,176.177047729492
"2020-02-27 19:00:01",122.982489659334,43.8780955005185,135.739440917969
"2020-02-27 20:00:01",84.1683411213552,31.9976903853844,111.983428955078
"2020-02-27 21:00:01",54.9063797446595,21.8070456073258,74.7732391357422
"2020-02-27 22:00:01",32.2209391785445,12.8742471491955,46.9690132141113
"2020-02-27 23:00:01",17.0366375581569,7.34422003765684,24.5365619659424
"2020-02-28 00:00:01",12.4925948139287,2.44468002071053,12.6690063476562
"2020-02-28 01:00:01",7.24989318333366,1.19461108957062,4.75611734390259
"2020-02-28 02:00:01",5.11406451316008,0.811366968042008,2.50075197219849
"2020-02-28 03:00:01",4.89820367983028,0.893249499877912,2.32862186431885
"2020-02-28 04:00:01",6.96917171028657,1.70372192919388,5.82740020751953
"2020-02-28 05:00:01",13.9493830076595,4.85003537252739,10.6756858825684
"2020-02-28 06:00:01",31.7466036120572,11.8081652749075,26.311351776123
"2020-02-28 07:00:01",63.0494096197997,26.4664351411947,60.2322006225586
"2020-02-28 08:00:01",93.4883923064766,41.5005987492376,106.348068237305
"2020-02-28 09:00:01",108.818492676364,49.0999049682852,109.946640014648
"2020-02-28 10:00:01",116.884798137273,53.8097859141233,122.935005187988
"2020-02-28 11:00:01",127.243727551192,59.324413518717,136.678741455078
"2020-02-28 12:00:01",136.826726932322,65.3537653438073,148.696380615234
"2020-02-28 13:00:01",139.466797846346,63.7648545759058,156.225555419922
"2020-02-28 14:00:01",138.571251286236,63.6993070987156,161.457977294922
"2020-02-28 15:00:01",140.504879086642,60.1530063175481,159.955017089844
"2020-02-28 16:00:01",141.394320491191,62.7445335018617,165.736389160156
"2020-02-28 17:00:01",129.8009687233,53.7124389805107,120.446800231934
"2020-02-28 18:00:01",104.83565836103,41.4760805646419,89.9338912963867
"2020-02-28 19:00:01",78.3291448428975,30.021022126894,71.1323928833008
"2020-02-28 20:00:01",57.1633557808626,21.8089465955519,61.893497467041
"2020-02-28 21:00:01",39.8579147839694,14.7648816988181,53.0510444641113
"2020-02-28 22:00:01",24.9815870434815,8.59027612489074,36.8104553222656
"2020-02-28 23:00:01",14.0561454166278,4.76776334942366,22.0076599121094
"2020-02-29 00:00:01",9.36941119714808,1.82831624310822,11.2921276092529
"2020-02-29 01:00:01",5.68468855957508,0.801924751970924,4.22672700881958
"2020-02-29 02:00:01",4.17632525445364,0.487255300097845,2.26601266860962
"2020-02-29 03:00:01",4.16385100034821,0.554486419802989,1.64610314369202
"2020-02-29 04:00:01",6.13476926262218,1.21993932766202,4.41376495361328
"2020-02-29 05:00:01",12.5315037480268,3.80327634712031,4.87731218338013
"2020-02-29 06:00:01",28.6370552729924,9.51637355970246,21.2507820129395
"2020-02-29 07:00:01",56.3742298689222,21.5518086391361,54.9787750244141
"2020-02-29 08:00:01",82.0486215788002,33.8958780094468,98.8838043212891
"2020-02-29 09:00:01",93.0681861944516,40.1354245236256,109.60774230957
"2020-02-29 10:00:01",96.9749777671282,44.0025566526273,123.054191589355
"2020-02-29 11:00:01",102.22999159992,48.5304404429911,138.664855957031
"2020-02-29 12:00:01",106.563015280687,53.4809477759769,140.409881591797
"2020-02-29 13:00:01",105.69898959754,52.1763441243497,139.804260253906
"2020-02-29 14:00:01",102.885622697939,52.1225251939072,140.191543579102
"2020-02-29 15:00:01",103.171913282869,49.2107714048703,137.175064086914
"2020-02-29 16:00:01",103.888988753523,51.338591227258,142.85627746582
"2020-02-29 17:00:01",96.7122606615304,43.9226282087956,117.301483154297
"2020-02-29 18:00:01",80.3752793988781,33.8757469147365,93.8614730834961
"2020-02-29 19:00:01",62.7617305010342,24.4703659648527,72.6523284912109
"2020-02-29 20:00:01",48.640548511346,17.7276942289347,60.2920722961426
"2020-02-29 21:00:01",36.5909272371451,11.9440385496965,47.2676658630371
"2020-02-29 22:00:01",25.1302045546121,6.87426802397933,30.7127990722656
